ts,open,high,low,close,volume,trade_count,vwap
2026-06-23T08:00:00+00:00,720.02,724.85,718.16,718.67,34365,1141,719.60643
2026-06-23T08:01:00+00:00,718.6,732.28,718.6,719.66,61292,1636,723.837918
2026-06-23T08:02:00+00:00,719.85,719.97,719.28,719.4,15610,241,719.686251
2026-06-23T08:03:00+00:00,719.34,719.8,719.11,719.26,15841,188,719.46324
2026-06-23T08:04:00+00:00,719.2352,719.48,718.66,718.76,13573,218,719.08576
2026-06-23T08:05:00+00:00,718.85,719.4,718.74,719.4,9421,187,718.92954
2026-06-23T08:06:00+00:00,732.14,732.3,719.45,728.03,54650,1310,728.706179
2026-06-23T08:07:00+00:00,729.27,729.67,719.69,727.76,71059,1697,727.532665
2026-06-23T08:08:00+00:00,725.59,727.85,719.55,726,60247,1481,725.275182
2026-06-23T08:09:00+00:00,725.28,726.32,719.2,723.02,40694,1345,723.888823
2026-06-23T08:10:00+00:00,723,724.84,719.22,722.4,61847,1768,722.232688
2026-06-23T08:11:00+00:00,721.52,723.7,719.42,721.09,92361,1861,721.831352
2026-06-23T08:12:00+00:00,721.9,723.53,719.16,720.33,20113,552,721.073188
2026-06-23T08:13:00+00:00,719.47,725.53,719,719,7850,195,719.72513
2026-06-23T08:14:00+00:00,719.11,719.19,718.75,718.89,3864,112,718.973498
2026-06-23T08:15:00+00:00,718.91,719.0171,718.58,718.7,7370,186,718.786908
2026-06-23T08:16:00+00:00,718.66,718.85,718.28,718.3617,10003,182,718.396863
2026-06-23T08:17:00+00:00,718.53,718.71,718.05,718.15,13228,174,718.281216
2026-06-23T08:18:00+00:00,718.06,718.4,717.85,718.03,9130,289,718.079125
2026-06-23T08:19:00+00:00,718.04,718.52,717.76,717.76,11191,244,718.146544
2026-06-23T08:20:00+00:00,717.75,718.24,717.63,718.06,6184,172,717.984285
2026-06-23T08:21:00+00:00,718.04,718.33,717.8,717.89,9487,131,718.119321
2026-06-23T08:22:00+00:00,717.9,718,717.8011,717.9,3031,99,717.911184
2026-06-23T08:23:00+00:00,718.01,718.01,717.2,717.2,12364,295,717.643517
2026-06-23T08:24:00+00:00,717.19,717.5,717.15,717.44,5289,166,717.366764
2026-06-23T08:25:00+00:00,717.41,717.9,717.05,717.76,6303,163,717.577839
2026-06-23T08:26:00+00:00,717.76,717.76,717.4,717.67,5203,108,717.631364
2026-06-23T08:27:00+00:00,717.66,717.68,717.122,717.42,8600,189,717.36884
2026-06-23T08:28:00+00:00,717.4,717.61,717.32,717.54,13513,130,717.487343
2026-06-23T08:29:00+00:00,717.52,717.7,717.41,717.56,3443,83,717.566546
2026-06-23T08:30:00+00:00,717.76,718.31,717.76,718.31,7970,133,718.124613
2026-06-23T08:31:00+00:00,718.37,718.61,718.18,718.24,8269,162,718.38612
2026-06-23T08:32:00+00:00,718.24,718.65,718.24,718.5,6904,124,718.562951
2026-06-23T08:33:00+00:00,718.48,718.87,718.47,718.8,5088,123,718.728679
2026-06-23T08:34:00+00:00,718.78,718.79,718.26,718.41,8891,210,718.527713
2026-06-23T08:35:00+00:00,718.5,718.75,718.46,718.55,2598,88,718.641358
2026-06-23T08:36:00+00:00,718.89,718.9,718.46,718.47,10895,141,718.567227
2026-06-23T08:37:00+00:00,718.57,718.64,718.06,718.09,3000,92,718.375395
2026-06-23T08:38:00+00:00,718.26,718.48,718.22,718.33,4115,94,718.282018
2026-06-23T08:39:00+00:00,718.27,718.5,718.15,718.19,9662,144,718.405041
2026-06-23T08:40:00+00:00,718.35,719.02,718.35,719.02,5851,131,718.926121
2026-06-23T08:41:00+00:00,718.9,719.39,718.87,719.33,3257,88,719.179938
2026-06-23T08:42:00+00:00,719.27,719.43,719.22,719.25,3403,90,719.295247
2026-06-23T08:43:00+00:00,718.89,718.89,718.59,718.79,3916,102,718.754848
2026-06-23T08:44:00+00:00,718.9,719.04,718.84,718.84,4951,68,718.866105
2026-06-23T08:45:00+00:00,718.4,718.4,717.96,718,2676,126,718.1406
2026-06-23T08:46:00+00:00,717.67,717.78,717.57,717.57,2773,96,717.703199
2026-06-23T08:47:00+00:00,717.6762,717.76,717.58,717.59,5352,85,717.651545
2026-06-23T08:48:00+00:00,717.5,717.5,717.14,717.5,3938,124,717.332653
2026-06-23T08:49:00+00:00,717.71,717.71,717.54,717.6,1234,46,717.604134
2026-06-23T08:50:00+00:00,717.78,717.79,717.73,717.74,1116,58,717.770328
2026-06-23T08:51:00+00:00,717.88,718.3,717.88,718.3,1778,55,718.167616
2026-06-23T08:52:00+00:00,718.41,718.46,718.2,718.26,4693,160,718.313242
2026-06-23T08:53:00+00:00,718.22,718.3,718.17,718.3,1777,67,718.260323
2026-06-23T08:54:00+00:00,718.47,718.47,718.28,718.38,1889,73,718.389372
2026-06-23T08:55:00+00:00,718.42,718.56,718.34,718.38,2503,66,718.447876
2026-06-23T08:56:00+00:00,718.24,718.42,718.08,718.42,3293,110,718.303983
2026-06-23T08:57:00+00:00,718.42,718.42,718.38,718.38,1343,53,718.382963
2026-06-23T08:58:00+00:00,718.0014,718.12,717.94,717.94,2078,67,718.002025
2026-06-23T08:59:00+00:00,717.97,718.24,717.97,718.24,3239,77,718.135861
2026-06-23T09:00:00+00:00,718.29,718.88,718.29,718.87,3074,97,718.740218
2026-06-23T09:01:00+00:00,718.87,719.2,718.71,719.2,7310,144,718.916108
2026-06-23T09:02:00+00:00,718.98,719.33,718.95,719.33,3654,72,719.18849
2026-06-23T09:03:00+00:00,719.16,719.17,718.87,718.87,7509,126,719.058673
2026-06-23T09:04:00+00:00,718.9,719.05,718.88,719.05,3617,88,718.920028
2026-06-23T09:05:00+00:00,719.08,719.6,718.99,719.21,5838,125,719.133583
2026-06-23T09:06:00+00:00,719.29,719.63,719.29,719.55,7193,144,719.497447
2026-06-23T09:07:00+00:00,719.35,719.52,719.04,719.08,8249,165,719.382182
2026-06-23T09:08:00+00:00,719.0871,719.13,718.74,718.91,4943,140,718.88302
2026-06-23T09:09:00+00:00,718.96,719.2,718.81,718.93,2089,94,718.981462
2026-06-23T09:10:00+00:00,718.72,719.35,718.67,719.35,6502,130,718.834387
2026-06-23T09:11:00+00:00,719.38,719.61,719.19,719.55,4331,107,719.466791
2026-06-23T09:12:00+00:00,719.5296,719.93,719.5,719.77,7371,145,719.730308
2026-06-23T09:13:00+00:00,719.77,720.15,719.77,720.081,4013,91,720.005833
2026-06-23T09:14:00+00:00,719.99,720.2,719.96,720.02,9520,147,720.059874
2026-06-23T09:15:00+00:00,720,720.1,719.91,720.1,3052,63,719.97519
2026-06-23T09:16:00+00:00,720.24,720.24,720.07,720.09,1745,68,720.177083
2026-06-23T09:17:00+00:00,720.08,720.22,719.84,719.95,5538,103,720.059485
2026-06-23T09:18:00+00:00,719.84,719.98,719.59,719.92,8898,169,719.884796
2026-06-23T09:19:00+00:00,719.85,720.26,719.79,720.22,7566,93,720.128111
2026-06-23T09:20:00+00:00,720.31,720.37,720.2,720.27,3331,76,720.254659
2026-06-23T09:21:00+00:00,720.27,720.39,720.1,720.13,12237,220,720.252611
2026-06-23T09:22:00+00:00,720.32,720.36,720.17,720.36,3908,79,720.293962
2026-06-23T09:23:00+00:00,720.29,720.5,720.26,720.45,6272,85,720.38003
2026-06-23T09:24:00+00:00,720.49,720.69,720.47,720.64,1876,71,720.547067
2026-06-23T09:25:00+00:00,720.63,720.7,720.54,720.58,2794,71,720.618697
2026-06-23T09:26:00+00:00,720.63,720.63,720.09,720.24,4877,112,720.255703
2026-06-23T09:27:00+00:00,720.39,720.92,720.39,720.84,12471,195,720.697866
2026-06-23T09:28:00+00:00,720.57,720.59,720.44,720.59,1819,59,720.522396
2026-06-23T09:29:00+00:00,720.6,720.63,720.36,720.36,2101,62,720.480552
2026-06-23T09:30:00+00:00,720.48,720.48,720.13,720.19,3926,94,720.289682
2026-06-23T09:31:00+00:00,720.11,720.2,720.085,720.11,3340,92,720.118464
2026-06-23T09:32:00+00:00,720.15,720.48,720.15,720.1636,1290,46,720.330146
2026-06-23T09:33:00+00:00,720.2,720.2,719.92,719.98,5630,111,719.952122
2026-06-23T09:34:00+00:00,720.05,720.05,719.91,719.91,3086,39,719.922477
2026-06-23T09:35:00+00:00,719.97,720.151,719.88,719.88,1578,43,720.047057
2026-06-23T09:36:00+00:00,719.75,719.79,719.71,719.74,1499,46,719.75368
2026-06-23T09:37:00+00:00,719.77,719.95,719.76,719.95,1292,41,719.887277
2026-06-23T09:38:00+00:00,720.07,720.19,720.07,720.11,1255,47,720.13098
2026-06-23T09:39:00+00:00,720.1,720.1,719.71,719.71,1007,60,719.878284
2026-06-23T09:40:00+00:00,719.65,719.78,719.65,719.7,1465,30,719.732694
2026-06-23T09:41:00+00:00,719.73,719.75,719.51,719.68,2857,96,719.619091
2026-06-23T09:42:00+00:00,719.6,719.6,719.46,719.54,2228,63,719.544745
2026-06-23T09:43:00+00:00,719.65,719.74,719.45,719.45,2305,71,719.595806
2026-06-23T09:44:00+00:00,719.28,719.3,719.15,719.15,1029,64,719.265039
2026-06-23T09:45:00+00:00,719.1,719.16,719.05,719.16,2151,59,719.108929
2026-06-23T09:46:00+00:00,719.13,719.35,719.11,719.35,2370,81,719.187518
2026-06-23T09:47:00+00:00,719.42,719.43,719.2,719.2,3466,60,719.340122
2026-06-23T09:48:00+00:00,719.2,719.4,719.2,719.4,1256,38,719.359255
2026-06-23T09:49:00+00:00,719.3,719.56,719.3,719.56,5671,47,719.471523
2026-06-23T09:50:00+00:00,719.54,719.54,719.37,719.44,1312,41,719.454193
2026-06-23T09:51:00+00:00,719.49,719.49,719.37,719.38,675,36,719.408879
2026-06-23T09:52:00+00:00,719.6,719.66,719.6,719.64,1230,21,719.634652
2026-06-23T09:53:00+00:00,719.59,719.7,719.58,719.6,1835,48,719.639874
2026-06-23T09:54:00+00:00,719.66,719.73,719.6,719.6,3512,63,719.679154
2026-06-23T09:55:00+00:00,719.73,719.75,719.5,719.75,3772,81,719.680344
2026-06-23T09:56:00+00:00,719.75,719.85,719.75,719.77,1422,45,719.783123
2026-06-23T09:57:00+00:00,719.85,719.85,719.76,719.8189,490,26,719.820326
2026-06-23T09:58:00+00:00,719.67,719.67,719.53,719.56,3634,67,719.602149
2026-06-23T09:59:00+00:00,719.56,719.69,719.56,719.69,697,21,719.658929
2026-06-23T10:00:00+00:00,719.7,719.85,719.5,719.85,4396,98,719.6411
2026-06-23T10:01:00+00:00,719.93,720.08,719.93,720.08,2416,67,720.00262
2026-06-23T10:02:00+00:00,720,720.4,720,720.28,6040,60,720.374377
2026-06-23T10:03:00+00:00,720.15,720.49,720.15,720.45,4270,69,720.411662
2026-06-23T10:04:00+00:00,720.38,720.39,720.2,720.2096,3325,48,720.248531
2026-06-23T10:05:00+00:00,720.16,720.192,719.9,719.91,4613,62,720.009419
2026-06-23T10:06:00+00:00,719.91,720.03,719.87,720.03,1618,57,719.93346
2026-06-23T10:07:00+00:00,720,720,719.73,719.73,714,33,719.791441
2026-06-23T10:08:00+00:00,719.49,719.56,719.33,719.56,1296,65,719.379709
2026-06-23T10:09:00+00:00,719.51,719.61,719.51,719.59,4428,34,719.598728
2026-06-23T10:10:00+00:00,719.66,719.66,719.33,719.37,2934,63,719.547427
2026-06-23T10:11:00+00:00,719.37,719.48,719.36,719.48,3737,48,719.388512
2026-06-23T10:12:00+00:00,719.39,719.43,719.38,719.43,1135,34,719.411386
2026-06-23T10:13:00+00:00,719.5,719.5,719.16,719.16,1517,74,719.210456
2026-06-23T10:14:00+00:00,719,719.19,718.95,719.19,2347,93,718.975918
2026-06-23T10:15:00+00:00,719.15,719.16,719,719.03,4335,120,719.116728
2026-06-23T10:16:00+00:00,719.27,719.36,719.21,719.36,2190,61,719.287772
2026-06-23T10:17:00+00:00,719.35,719.42,719.29,719.35,2793,84,719.373511
2026-06-23T10:18:00+00:00,719.26,719.37,719.15,719.37,4393,48,719.217011
2026-06-23T10:19:00+00:00,719.4,719.4,719.37,719.39,544,23,719.3905
2026-06-23T10:20:00+00:00,719.36,719.4,719.34,719.4,1076,24,719.358182
2026-06-23T10:21:00+00:00,719.39,719.39,719.39,719.39,302,23,719.39
2026-06-23T10:22:00+00:00,719.44,719.45,719.3,719.3,3912,41,719.399384
2026-06-23T10:23:00+00:00,719.3,719.32,719.2,719.28,2205,47,719.23108
2026-06-23T10:24:00+00:00,719.16,719.17,718.68,718.74,5495,138,718.92979
2026-06-23T10:25:00+00:00,718.79,718.8,718.47,718.5,8179,118,718.516295
2026-06-23T10:26:00+00:00,718.61,718.64,718.4,718.4087,2113,58,718.536739
2026-06-23T10:27:00+00:00,718.39,718.39,718.07,718.16,4963,115,718.233767
2026-06-23T10:28:00+00:00,718.1,718.36,718.06,718.36,2150,50,718.159803
2026-06-23T10:29:00+00:00,718.29,718.39,718.18,718.27,6533,101,718.337672
2026-06-23T10:30:00+00:00,718.21,718.21,717.86,717.95,5978,170,718.012989
2026-06-23T10:31:00+00:00,717.97,717.97,717.7,717.73,2212,69,717.853774
2026-06-23T10:32:00+00:00,717.72,717.76,717.66,717.75,2273,59,717.696136
2026-06-23T10:33:00+00:00,717.77,717.89,717.68,717.75,12324,94,717.811714
2026-06-23T10:34:00+00:00,717.75,717.75,717.4,717.47,3392,109,717.542649
2026-06-23T10:35:00+00:00,717.58,717.8,717.53,717.54,1753,52,717.657568
2026-06-23T10:36:00+00:00,717.5,717.67,717.32,717.32,10102,131,717.526199
2026-06-23T10:37:00+00:00,717.29,717.64,717.29,717.64,3852,102,717.400872
2026-06-23T10:38:00+00:00,717.5,717.71,717.4,717.69,3247,62,717.471901
2026-06-23T10:39:00+00:00,717.76,717.76,717.53,717.63,1299,47,717.618938
2026-06-23T10:40:00+00:00,717.61,717.63,717.4,717.4,2383,69,717.523671
2026-06-23T10:41:00+00:00,717.45,717.46,716.96,717,7714,253,717.082399
2026-06-23T10:42:00+00:00,717,717,716.55,716.55,10485,203,716.802001
2026-06-23T10:43:00+00:00,716.62,717.35,716.62,717.3,7865,145,716.925208
2026-06-23T10:44:00+00:00,717.19,717.41,717.02,717.28,6087,102,717.270942
2026-06-23T10:45:00+00:00,717.25,717.56,717.2,717.56,3007,41,717.272495
2026-06-23T10:46:00+00:00,717.52,717.65,717.48,717.65,2389,36,717.495452
2026-06-23T10:47:00+00:00,717.74,717.74,717.44,717.51,1725,44,717.530981
2026-06-23T10:48:00+00:00,717.55,717.98,717.55,717.98,4141,73,717.813438
2026-06-23T10:49:00+00:00,717.87,717.87,717.57,717.57,1292,43,717.752729
2026-06-23T10:50:00+00:00,717.61,717.61,717.39,717.49,4155,104,717.455409
2026-06-23T10:51:00+00:00,717.48,717.67,717.48,717.65,479,24,717.570067
2026-06-23T10:52:00+00:00,717.6,717.83,717.34,717.78,5820,131,717.593134
2026-06-23T10:53:00+00:00,717.57,717.66,717.54,717.66,5956,45,717.55294
2026-06-23T10:54:00+00:00,717.87,717.96,717.73,717.73,5247,80,717.854026
2026-06-23T10:55:00+00:00,717.78,717.9,717.54,717.9,4314,92,717.615711
2026-06-23T10:56:00+00:00,717.87,718,717.83,718,1387,45,717.924846
2026-06-23T10:57:00+00:00,718.06,718.25,718.02,718.04,7191,91,718.114194
2026-06-23T10:58:00+00:00,717.93,718.1,717.8,718.1,4268,49,717.902935
2026-06-23T10:59:00+00:00,718.25,718.25,718.01,718.1526,1528,31,718.12057
2026-06-23T11:00:00+00:00,718.14,718.58,718.089,718.52,53383,669,718.356742
2026-06-23T11:01:00+00:00,718.53,718.72,718.24,718.33,15696,309,718.530009
2026-06-23T11:02:00+00:00,718.34,718.65,718.25,718.5,16011,293,718.479503
2026-06-23T11:03:00+00:00,718.36,718.46,718.25,718.37,6687,153,718.333362
2026-06-23T11:04:00+00:00,718.38,718.39,717.77,717.77,9621,239,718.071324
2026-06-23T11:05:00+00:00,717.68,717.76,717.42,717.56,16860,281,717.595059
2026-06-23T11:06:00+00:00,717.6091,717.98,717.6091,717.93,7641,131,717.91907
2026-06-23T11:07:00+00:00,717.94,718.44,717.94,718.399,4199,108,718.117372
2026-06-23T11:08:00+00:00,718.32,718.44,718,718.19,19829,423,718.241227
2026-06-23T11:09:00+00:00,718.11,718.19,717.92,718,5976,125,718.034841
2026-06-23T11:10:00+00:00,718.11,718.52,718.11,718.52,3881,106,718.395161
2026-06-23T11:11:00+00:00,718.52,718.6274,718.2,718.27,5956,90,718.330347
2026-06-23T11:12:00+00:00,718.34,718.3905,718.24,718.3905,5524,97,718.286801
2026-06-23T11:13:00+00:00,718.28,718.5,718.28,718.5,15943,181,718.381469
2026-06-23T11:14:00+00:00,718.52,718.98,718.42,718.93,6436,120,718.631943
2026-06-23T11:15:00+00:00,718.89,718.89,718.44,718.54,6861,167,718.649211
2026-06-23T11:16:00+00:00,718.51,718.54,718.36,718.48,3713,105,718.476558
2026-06-23T11:17:00+00:00,718.49,718.52,718.41,718.47,3274,85,718.457301
2026-06-23T11:18:00+00:00,718.52,718.71,718.48,718.54,11507,227,718.598562
2026-06-23T11:19:00+00:00,718.5,718.65,718.41,718.57,11747,269,718.507882
2026-06-23T11:20:00+00:00,718.58,719.32,717.9,719.32,59945,1009,718.516537
2026-06-23T11:21:00+00:00,718.83,719.01,718.3675,718.52,7877,171,718.655686
2026-06-23T11:22:00+00:00,718.47,718.85,718.47,718.73,3507,97,718.662449
2026-06-23T11:23:00+00:00,718.68,718.89,718.58,718.58,5941,143,718.813279
2026-06-23T11:24:00+00:00,718.6,718.77,718.58,718.76,2850,133,718.6929
2026-06-23T11:25:00+00:00,718.7397,718.75,718.47,718.57,6256,204,718.624761
2026-06-23T11:26:00+00:00,718.75,718.8,718.3,718.44,10629,203,718.538186
2026-06-23T11:27:00+00:00,718.38,718.43,718.15,718.19,22439,260,718.255499
2026-06-23T11:28:00+00:00,718.12,718.17,717.86,718.17,4062,153,718.017431
2026-06-23T11:29:00+00:00,718.17,718.2,717.86,718.03,10437,161,718.091543
2026-06-23T11:30:00+00:00,717.9,718.01,717.76,717.93,3053,100,717.911846
2026-06-23T11:31:00+00:00,717.93,718.52,717.9178,718.23,7919,142,718.237778
2026-06-23T11:32:00+00:00,718.39,718.6623,718.33,718.5391,3050,107,718.548471
2026-06-23T11:33:00+00:00,718.5,718.9,718.42,718.42,6026,136,718.657818
2026-06-23T11:34:00+00:00,718.41,718.42,718.2612,718.36,1307,83,718.359816
2026-06-23T11:35:00+00:00,718.48,718.6,718.3,718.31,8645,273,718.460656
2026-06-23T11:36:00+00:00,718.24,718.41,718.15,718.41,7814,122,718.247077
2026-06-23T11:37:00+00:00,718.35,718.4,718.03,718.33,7275,173,718.225202
2026-06-23T11:38:00+00:00,718.39,718.71,718.37,718.7,5084,149,718.534762
2026-06-23T11:39:00+00:00,718.71,719.08,718.71,719,10554,240,718.995577
2026-06-23T11:40:00+00:00,719,719.2,718.95,719.05,8082,202,719.092412
2026-06-23T11:41:00+00:00,719.1083,719.2,719,719.19,8629,136,719.132591
2026-06-23T11:42:00+00:00,719.18,719.33,719.15,719.25,3851,119,719.239527
2026-06-23T11:43:00+00:00,719.23,719.3,719.18,719.18,4301,100,719.232892
2026-06-23T11:44:00+00:00,719.3,719.481,719.29,719.36,3636,119,719.380279
2026-06-23T11:45:00+00:00,719.399,719.56,719.32,719.5,9356,153,719.486941
2026-06-23T11:46:00+00:00,719.43,719.7,719.4,719.4,4391,104,719.506609
2026-06-23T11:47:00+00:00,719.36,719.44,718.99,718.99,3533,124,719.195705
2026-06-23T11:48:00+00:00,719.03,719.25,718.88,719.25,2550,84,719.063011
2026-06-23T11:49:00+00:00,719.2,719.43,719.16,719.36,6904,107,719.347765
2026-06-23T11:50:00+00:00,719.33,719.36,719.18,719.29,4656,95,719.265704
2026-06-23T11:51:00+00:00,719.28,719.41,719.03,719.1,4564,124,719.204787
2026-06-23T11:52:00+00:00,719.12,719.53,719.12,719.5,3441,68,719.277504
2026-06-23T11:53:00+00:00,719.58,719.67,719.49,719.6,5551,116,719.566254
2026-06-23T11:54:00+00:00,719.619,719.78,719.56,719.7,18684,200,719.662964
2026-06-23T11:55:00+00:00,719.68,719.7383,719.59,719.64,2772,79,719.673549
2026-06-23T11:56:00+00:00,719.64,719.79,719.6,719.75,9444,107,719.763109
2026-06-23T11:57:00+00:00,719.71,719.78,719.58,719.62,16021,145,719.720757
2026-06-23T11:58:00+00:00,719.51,719.75,719.48,719.7,6889,116,719.668236
2026-06-23T11:59:00+00:00,719.71,719.71,719.54,719.54,3431,85,719.622634
2026-06-23T12:00:00+00:00,719.51,737.397,719.37,719.71,12348,198,719.734494
2026-06-23T12:01:00+00:00,719.8,720.1,719.76,720.0001,9145,232,719.919141
2026-06-23T12:02:00+00:00,720.0391,720.17,719.92,719.92,9233,215,720.07173
2026-06-23T12:03:00+00:00,720,720.13,719.94,719.98,13568,163,720.037204
2026-06-23T12:04:00+00:00,720.01,720.01,719.68,719.68,6629,155,719.792015
2026-06-23T12:05:00+00:00,719.69,719.72,719.4,719.41,7750,200,719.595843
2026-06-23T12:06:00+00:00,719.35,719.38,719.17,719.2897,8827,166,719.273991
2026-06-23T12:07:00+00:00,719.28,719.4,719.13,719.24,8854,168,719.297526
2026-06-23T12:08:00+00:00,719.27,719.38,719.12,719.21,6436,139,719.299107
2026-06-23T12:09:00+00:00,719.13,719.23,719.02,719.19,3302,89,719.148591
2026-06-23T12:10:00+00:00,719.18,719.4,718.79,718.84,10771,239,719.207197
2026-06-23T12:11:00+00:00,718.86,718.86,718.48,718.48,11010,250,718.568912
2026-06-23T12:12:00+00:00,718.46,718.58,718.25,718.46,9097,218,718.410071
2026-06-23T12:13:00+00:00,718.38,718.42,718.16,718.18,13530,187,718.239512
2026-06-23T12:14:00+00:00,718.23,718.4,718.2,718.37,9599,156,718.279966
2026-06-23T12:15:00+00:00,718.33,718.35,718.1,718.1217,8562,205,718.200244
2026-06-23T12:16:00+00:00,718.16,718.2,717.97,717.97,13320,332,718.136963
2026-06-23T12:17:00+00:00,717.903,717.989,717.63,717.81,13528,283,717.783834
2026-06-23T12:18:00+00:00,717.83,717.84,717.55,717.74,11391,247,717.674361
2026-06-23T12:19:00+00:00,717.88,718.02,717.82,717.96,7873,168,717.957769
2026-06-23T12:20:00+00:00,717.91,717.95,717.38,717.39,10485,264,717.566405
2026-06-23T12:21:00+00:00,717.49,717.53,717.12,717.3,16515,309,717.276966
2026-06-23T12:22:00+00:00,717.4,717.56,717.03,717.12,5123,172,717.304115
2026-06-23T12:23:00+00:00,717.1616,717.29,717.11,717.11,3808,139,717.163914
2026-06-23T12:24:00+00:00,717.13,717.4,717.05,717.4,13032,237,717.215808
2026-06-23T12:25:00+00:00,717.36,717.36,716.67,716.8832,21002,433,716.861364
2026-06-23T12:26:00+00:00,716.97,717,716.44,716.6,21121,435,716.734055
2026-06-23T12:27:00+00:00,716.52,717.0222,716.52,717,15814,294,716.845438
2026-06-23T12:28:00+00:00,717.04,717.33,716.92,717.26,13273,237,717.098831
2026-06-23T12:29:00+00:00,717.24,717.26,716.96,717.18,29129,323,717.045276
2026-06-23T12:30:00+00:00,717.15,717.6,717.08,717.23,7653,184,717.322777
2026-06-23T12:31:00+00:00,717.16,717.38,717,717.011,6539,157,717.172704
2026-06-23T12:32:00+00:00,717.01,717.01,716.59,716.64,5028,199,716.822645
2026-06-23T12:33:00+00:00,716.67,716.7,716.25,716.48,14866,298,716.461469
2026-06-23T12:34:00+00:00,716.47,716.65,715.63,715.63,33146,584,716.086007
2026-06-23T12:35:00+00:00,715.67,716.23,715.54,716.23,19121,393,715.891873
2026-06-23T12:36:00+00:00,716.28,716.3622,716.1,716.3622,8203,209,716.245557
2026-06-23T12:37:00+00:00,716.35,716.42,715.85,716.12,17695,289,716.105902
2026-06-23T12:38:00+00:00,716.07,716.23,715.82,715.87,6723,187,716.056197
2026-06-23T12:39:00+00:00,715.8,716.4,715.8,716.28,11794,230,716.088497
2026-06-23T12:40:00+00:00,716.3,716.44,716.14,716.36,4933,160,716.330533
2026-06-23T12:41:00+00:00,716.39,717.06,716.3,716.77,11236,261,716.787998
2026-06-23T12:42:00+00:00,716.77,716.85,716.6,716.62,3669,144,716.763121
2026-06-23T12:43:00+00:00,716.42,716.7,716.3298,716.61,5067,172,716.527247
2026-06-23T12:44:00+00:00,716.68,716.73,716.35,716.35,4634,137,716.504528
2026-06-23T12:45:00+00:00,716.32,716.66,716.32,716.49,7479,154,716.437725
2026-06-23T12:46:00+00:00,716.49,716.66,716.35,716.35,2255,121,716.470991
2026-06-23T12:47:00+00:00,716.15,716.15,715.961,716.02,10096,253,716.055616
2026-06-23T12:48:00+00:00,716.11,716.5,716.08,716.5,2317,106,716.250667
2026-06-23T12:49:00+00:00,716.41,716.6,716.32,716.42,5107,107,716.474929
2026-06-23T12:50:00+00:00,716.37,716.6,716.35,716.35,5138,115,716.531758
2026-06-23T12:51:00+00:00,716.24,716.52,716.24,716.46,2963,108,716.397408
2026-06-23T12:52:00+00:00,716.54,716.82,716.5111,716.65,16287,212,716.651635
2026-06-23T12:53:00+00:00,716.46,716.61,716.28,716.28,4187,145,716.412309
2026-06-23T12:54:00+00:00,716.25,716.49,715.98,715.98,16135,242,716.103383
2026-06-23T12:55:00+00:00,715.95,716.42,715.84,716.4,6524,178,716.186734
2026-06-23T12:56:00+00:00,716.3789,716.6,716.18,716.3271,2359,119,716.432685
2026-06-23T12:57:00+00:00,716.34,716.6,716.34,716.36,4754,117,716.482761
2026-06-23T12:58:00+00:00,716.29,716.29,715.87,715.87,10672,187,716.115184
2026-06-23T12:59:00+00:00,715.8,716.3,715.75,716.12,12494,259,716.104661
2026-06-23T13:00:00+00:00,716.24,716.4,716.1,716.1,4573,173,716.250268
2026-06-23T13:01:00+00:00,716.03,716.09,715.85,715.85,7175,171,716.022422
2026-06-23T13:02:00+00:00,715.78,716.0481,715.78,716.02,9569,162,715.84996
2026-06-23T13:03:00+00:00,715.91,716.06,715.71,715.77,10453,185,715.916614
2026-06-23T13:04:00+00:00,715.71,715.94,715.56,715.8,9913,238,715.687405
2026-06-23T13:05:00+00:00,715.8405,716.001,715.84,715.98,4382,128,715.954763
2026-06-23T13:06:00+00:00,715.88,715.91,715.65,715.7406,10333,215,715.807519
2026-06-23T13:07:00+00:00,715.73,715.77,715.45,715.49,13409,315,715.560691
2026-06-23T13:08:00+00:00,715.53,715.7999,715.52,715.53,16523,206,715.632375
2026-06-23T13:09:00+00:00,715.62,715.83,715.55,715.7,25063,277,715.695111
2026-06-23T13:10:00+00:00,715.7,715.75,715.2,715.56,14261,398,715.526338
2026-06-23T13:11:00+00:00,715.551,715.62,715.32,715.39,10387,234,715.458919
2026-06-23T13:12:00+00:00,715.43,715.93,715.15,715.93,14855,293,715.471747
2026-06-23T13:13:00+00:00,715.85,716.43,715.83,716.38,21777,395,716.129111
2026-06-23T13:14:00+00:00,716.33,716.4,716.0291,716.22,12531,233,716.149433
2026-06-23T13:15:00+00:00,716.16,716.23,715.39,715.41,30235,286,715.844695
2026-06-23T13:16:00+00:00,715.41,715.69,715.36,715.66,12885,323,715.509093
2026-06-23T13:17:00+00:00,715.63,715.8,715.43,715.43,6407,177,715.682505
2026-06-23T13:18:00+00:00,715.45,715.76,715.37,715.62,5399,183,715.60027
2026-06-23T13:19:00+00:00,715.67,716.12,715.63,716.09,14858,203,715.977764
2026-06-23T13:20:00+00:00,716.04,716.36,715.98,716.36,6207,173,716.210422
2026-06-23T13:21:00+00:00,716.41,716.49,716.18,716.25,8121,198,716.365881
2026-06-23T13:22:00+00:00,716.29,716.34,716.02,716.1165,22207,296,716.260484
2026-06-23T13:23:00+00:00,716.189,716.63,716.1191,716.57,9704,257,716.514988
2026-06-23T13:24:00+00:00,716.46,716.65,716.37,716.45,8456,208,716.472583
2026-06-23T13:25:00+00:00,716.39,716.4,715.15,715.44,63913,847,715.695215
2026-06-23T13:26:00+00:00,715.54,715.77,715.49,715.55,8374,186,715.593342
2026-06-23T13:27:00+00:00,715.65,715.66,714.98,715.03,46908,946,715.315395
2026-06-23T13:28:00+00:00,715.13,715.21,714.76,715.2,27257,543,714.968105
2026-06-23T13:29:00+00:00,715.28,715.82,714.91,715.82,42029,499,715.418499
2026-06-23T13:30:00+00:00,715.74,715.8,713.71,714.29,971506,18649,714.769496
2026-06-23T13:31:00+00:00,714.25,716.25,713.28,716.24,484677,8163,714.449545
2026-06-23T13:32:00+00:00,716.19,717.01,715.561,716.48,366536,6454,716.383479
2026-06-23T13:33:00+00:00,716.47,716.59,715.3601,716.16,279367,6643,716.042706
2026-06-23T13:34:00+00:00,716.16,716.96,715.77,716.875,175587,4380,716.474248
2026-06-23T13:35:00+00:00,716.78,717.2025,715.65,715.73,276465,5740,716.435407
2026-06-23T13:36:00+00:00,715.76,716.22,714.5301,714.63,252495,5743,715.29618
2026-06-23T13:37:00+00:00,714.68,716.14,714.63,715.56,149896,3584,715.552082
2026-06-23T13:38:00+00:00,715.53,716.94,715.23,716.39,186773,3738,716.238879
2026-06-23T13:39:00+00:00,716.4,717.61,716.35,717.23,272426,4904,717.165014
2026-06-23T13:40:00+00:00,717.2,717.81,716.47,717.73,202490,4448,717.093416
2026-06-23T13:41:00+00:00,717.8,717.8,716.6,716.76,189769,4247,717.048368
2026-06-23T13:42:00+00:00,716.78,717.25,716.2011,717.11,178679,4172,716.78461
2026-06-23T13:43:00+00:00,717.16,717.64,716.41,716.5,224087,4353,717.0098
2026-06-23T13:44:00+00:00,716.5,717.23,716.41,716.69,129356,3032,716.830588
2026-06-23T13:45:00+00:00,716.58,717.63,716.04,716.7,191391,4265,716.901861
2026-06-23T13:46:00+00:00,716.69,716.895,715.91,716.27,155751,3738,716.324312
2026-06-23T13:47:00+00:00,716.3,718.22,716.14,718.22,211959,4444,717.305925
2026-06-23T13:48:00+00:00,718.2,718.97,718.03,718.73,244509,4780,718.542697
2026-06-23T13:49:00+00:00,718.72,719.07,717.91,718.12,268891,4417,718.739322
2026-06-23T13:50:00+00:00,718.12,719.02,718.08,718.66,170326,3341,718.600805
2026-06-23T13:51:00+00:00,718.69,719.3,718.44,719.18,176953,3618,718.892613
2026-06-23T13:52:00+00:00,719.23,720.01,719.04,719.99,297641,4292,719.548626
2026-06-23T13:53:00+00:00,719.99,720.36,719.64,719.94,252354,4732,719.961187
2026-06-23T13:54:00+00:00,719.94,720.4638,719.48,719.54,173088,3569,720.045373
2026-06-23T13:55:00+00:00,719.515,719.9699,719.13,719.615,127149,3087,719.450107
2026-06-23T13:56:00+00:00,719.6,719.7794,718.7,719.45,164522,3386,719.115992
2026-06-23T13:57:00+00:00,719.42,720.4,719.28,720.02,143265,3200,719.900638
2026-06-23T13:58:00+00:00,720.01,720.46,719.78,720.32,97261,2519,720.187916
2026-06-23T13:59:00+00:00,720.31,720.9,720.04,720.71,146773,2901,720.629628
2026-06-23T14:00:00+00:00,720.69,721.59,720.58,721.57,161810,3470,721.05238
2026-06-23T14:01:00+00:00,721.55,722.26,721.44,722.06,286655,4679,722.035622
2026-06-23T14:02:00+00:00,722.08,722.6,721.725,722.06,295078,4786,722.223618
2026-06-23T14:03:00+00:00,722.02,722.3562,721.3614,721.68,169032,3697,721.752864
2026-06-23T14:04:00+00:00,721.69,722.54,721.69,722.09,121240,2879,722.178693
2026-06-23T14:05:00+00:00,722.06,722.08,721.51,721.524,235318,3043,721.776721
2026-06-23T14:06:00+00:00,721.56,721.88,721.335,721.7,102675,2454,721.622511
2026-06-23T14:07:00+00:00,721.68,722.28,721.22,721.32,102928,2274,721.780946
2026-06-23T14:08:00+00:00,721.31,721.41,720.87,721.05,113226,2778,721.121256
2026-06-23T14:09:00+00:00,721.045,722.43,720.89,721.83,108107,2538,721.810201
2026-06-23T14:10:00+00:00,721.81,722.8,721.5,721.65,310674,3078,721.863369
2026-06-23T14:11:00+00:00,721.595,721.88,721.22,721.43,115318,2442,721.482315
2026-06-23T14:12:00+00:00,721.44,722.39,721.22,722.13,112743,3471,721.866273
2026-06-23T14:13:00+00:00,722.19,722.46,721.83,722.15,113800,3581,722.177206
2026-06-23T14:14:00+00:00,722.19,722.65,722.07,722.475,109174,3315,722.419547
2026-06-23T14:15:00+00:00,722.49,722.66,721.89,721.9401,113477,3452,722.280791
2026-06-23T14:16:00+00:00,721.9601,722.92,721.93,722.7325,97150,3272,722.406909
2026-06-23T14:17:00+00:00,722.73,722.8245,722.19,722.27,93216,3034,722.453934
2026-06-23T14:18:00+00:00,722.28,722.82,722.2,722.59,97818,3013,722.53926
2026-06-23T14:19:00+00:00,722.6,722.99,722.065,722.76,93395,3220,722.511368
2026-06-23T14:20:00+00:00,722.76,723.61,722.76,723.4,157697,3715,723.310757
2026-06-23T14:21:00+00:00,723.38,723.46,722.63,722.82,187942,4753,723.070062
2026-06-23T14:22:00+00:00,722.805,722.9,721.9,721.96,117005,3448,722.396193
2026-06-23T14:23:00+00:00,721.975,723.31,721.975,723.01,115794,3269,722.748419
2026-06-23T14:24:00+00:00,722.97,722.97,722.09,722.2605,103807,3075,722.446361
2026-06-23T14:25:00+00:00,722.22,722.49,721.92,721.945,82391,2721,722.164332
2026-06-23T14:26:00+00:00,721.96,721.99,721.091,721.63,184382,4114,721.39977
2026-06-23T14:27:00+00:00,721.63,722.2,721.31,721.44,107985,3569,721.7708
2026-06-23T14:28:00+00:00,721.43,721.88,721,721.8,103194,3324,721.352773
2026-06-23T14:29:00+00:00,721.66,722.18,721.555,722.015,93248,2958,721.838536
2026-06-23T14:30:00+00:00,722.05,722.36,721.231,721.27,68458,2875,721.746794
2026-06-23T14:31:00+00:00,721.37,721.41,720.53,720.61,83711,3316,720.867958
2026-06-23T14:32:00+00:00,720.61,720.66,720.0775,720.23,114900,3966,720.311784
2026-06-23T14:33:00+00:00,720.23,721.34,720.23,720.8277,122517,3455,720.907679
2026-06-23T14:34:00+00:00,720.82,721.21,720.785,720.98,57644,2312,721.006062
2026-06-23T14:35:00+00:00,720.93,721.0397,720.11,720.72,76486,2758,720.468651
2026-06-23T14:36:00+00:00,720.73,722.32,720.58,721.965,129015,3533,721.852225
2026-06-23T14:37:00+00:00,722,722.3,721.651,722.09,63300,2738,721.948415
2026-06-23T14:38:00+00:00,722.06,722.11,720.5101,720.5999,70812,2697,721.224585
2026-06-23T14:39:00+00:00,720.6,720.96,719.84,719.99,111405,3794,720.233322
2026-06-23T14:40:00+00:00,720.065,720.41,719.45,720.15,102616,3231,719.939574
2026-06-23T14:41:00+00:00,720.11,720.4,719.77,720.03,88001,2693,720.122525
2026-06-23T14:42:00+00:00,720.07,720.85,719.6,720.57,125954,3470,720.326698
2026-06-23T14:43:00+00:00,720.53,721.05,720.18,720.46,227224,2720,720.500862
2026-06-23T14:44:00+00:00,720.41,720.51,719.3,719.6,93680,2836,719.687305
2026-06-23T14:45:00+00:00,719.61,719.97,719.16,719.2,118868,3437,719.557431
2026-06-23T14:46:00+00:00,719.161,719.68,718.7387,718.82,84495,3062,719.132639
2026-06-23T14:47:00+00:00,718.83,718.98,718.37,718.45,109851,3480,718.578169
2026-06-23T14:48:00+00:00,718.48,719.24,718.4,719.06,137671,3723,718.839167
2026-06-23T14:49:00+00:00,719.05,719.31,718.77,719.18,110410,3211,719.08096
2026-06-23T14:50:00+00:00,719.25,719.85,718.64,719.83,106808,2973,719.15453
2026-06-23T14:51:00+00:00,719.8101,720.65,719.79,720.39,148133,3664,720.358385
2026-06-23T14:52:00+00:00,720.36,720.36,719.4,719.52,136935,3218,720.007424
2026-06-23T14:53:00+00:00,719.52,719.5599,718.42,718.635,105228,3492,718.746817
2026-06-23T14:54:00+00:00,718.63,718.83,718.27,718.69,134705,3095,718.485113
2026-06-23T14:55:00+00:00,718.7399,719.11,717.89,718.27,105345,3706,718.331569
2026-06-23T14:56:00+00:00,718.35,718.87,718.27,718.36,82337,2817,718.521515
2026-06-23T14:57:00+00:00,718.31,719.13,718.05,718.79,88081,2842,718.565359
2026-06-23T14:58:00+00:00,718.83,718.91,717.98,718.34,108662,2826,718.217249
2026-06-23T14:59:00+00:00,718.4,718.88,718.235,718.8716,59162,2760,718.577418
2026-06-23T15:00:00+00:00,718.88,719.19,718.41,718.92,81586,2950,718.815311
2026-06-23T15:01:00+00:00,718.92,719.65,718.87,719.11,102431,3156,719.358308
2026-06-23T15:02:00+00:00,719.14,719.4399,718.25,718.55,69665,2450,718.713376
2026-06-23T15:03:00+00:00,718.53,718.78,717.99,718.2699,52079,2503,718.369662
2026-06-23T15:04:00+00:00,718.26,718.51,718.05,718.27,54485,2344,718.266157
2026-06-23T15:05:00+00:00,718.21,718.52,717.26,717.26,109947,3495,717.898138
2026-06-23T15:06:00+00:00,717.28,717.44,716.92,717.03,122542,3946,717.137304
2026-06-23T15:07:00+00:00,717.04,717.59,716.72,717.5509,115250,3482,717.185324
2026-06-23T15:08:00+00:00,717.5301,717.66,716.97,717.32,132281,3549,717.247813
2026-06-23T15:09:00+00:00,717.34,717.52,716.984,717.45,75674,3109,717.291002
2026-06-23T15:10:00+00:00,717.48,717.89,716.95,717.27,120180,3781,717.475806
2026-06-23T15:11:00+00:00,717.25,717.58,717.09,717.36,63504,2771,717.363247
2026-06-23T15:12:00+00:00,717.35,717.7099,716.93,717.6401,74197,2716,717.303458
2026-06-23T15:13:00+00:00,717.63,717.72,717.13,717.15,320788,2861,717.430981
2026-06-23T15:14:00+00:00,717.17,717.44,717.05,717.33,50164,2606,717.27396
2026-06-23T15:15:00+00:00,717.35,717.62,717.01,717.23,120512,3462,717.300015
2026-06-23T15:16:00+00:00,717.24,717.24,716.7993,716.93,117033,3498,717.024478
2026-06-23T15:17:00+00:00,716.955,717.08,716.45,716.67,78229,2997,716.754734
2026-06-23T15:18:00+00:00,716.69,716.74,716.211,716.211,156050,3804,716.479646
2026-06-23T15:19:00+00:00,716.23,716.66,716.2,716.23,62735,2717,716.343594
2026-06-23T15:20:00+00:00,716.26,716.99,716.11,716.83,111091,3441,716.657785
2026-06-23T15:21:00+00:00,716.8,716.9,716.08,716.1199,58287,2538,716.54038
2026-06-23T15:22:00+00:00,716.071,716.355,716.05,716.105,62227,2421,716.196737
2026-06-23T15:23:00+00:00,716.125,716.31,715.93,715.95,90342,3413,716.085666
2026-06-23T15:24:00+00:00,715.98,715.98,715.65,715.79,103675,3130,715.791136
2026-06-23T15:25:00+00:00,715.8136,715.96,715.39,715.94,134743,3664,715.621284
2026-06-23T15:26:00+00:00,715.88,716.36,715.8,716.2,149632,3489,716.115187
2026-06-23T15:27:00+00:00,716.21,716.34,715.67,715.86,110372,3106,716.079431
2026-06-23T15:28:00+00:00,715.851,715.88,715.52,715.63,55079,2362,715.669402
2026-06-23T15:29:00+00:00,715.64,716.02,715.63,715.77,61814,2479,715.789406
2026-06-23T15:30:00+00:00,715.7,716.1796,715.4801,716.1022,98666,2487,715.880791
2026-06-23T15:31:00+00:00,716.105,716.7,716.04,716.6,86725,2768,716.242602
2026-06-23T15:32:00+00:00,716.65,716.78,716.21,716.4,133383,3637,716.521805
2026-06-23T15:33:00+00:00,716.41,717.02,716.41,716.675,85854,3330,716.778107
2026-06-23T15:34:00+00:00,716.7,716.87,716.4001,716.59,65457,3191,716.636068
2026-06-23T15:35:00+00:00,716.59,717.28,716.42,717,116967,3499,717.021354
2026-06-23T15:36:00+00:00,716.99,717.28,716.88,716.9301,76304,2563,717.075424
2026-06-23T15:37:00+00:00,716.96,716.96,716.302,716.32,64793,2658,716.604923
2026-06-23T15:38:00+00:00,716.35,716.77,715.16,715.5101,197112,5128,715.825158
2026-06-23T15:39:00+00:00,715.56,715.72,715.185,715.495,59975,2465,715.450164
2026-06-23T15:40:00+00:00,715.5,715.77,715.09,715.47,76765,3158,715.41863
2026-06-23T15:41:00+00:00,715.4999,716,715.31,715.79,110340,3790,715.810946
2026-06-23T15:42:00+00:00,715.9,715.99,715.58,715.85,42859,2119,715.805947
2026-06-23T15:43:00+00:00,715.9,716.276,715.68,715.965,54969,2322,716.00917
2026-06-23T15:44:00+00:00,715.96,716.27,715.77,715.96,36675,2030,716.003089
2026-06-23T15:45:00+00:00,716.01,716.29,715.76,715.94,56859,2310,716.071257
2026-06-23T15:46:00+00:00,715.91,716.07,715.6901,715.8473,34389,1945,715.852427
2026-06-23T15:47:00+00:00,715.83,716.09,715.77,715.85,46144,2124,715.965876
2026-06-23T15:48:00+00:00,715.85,716.56,715.81,716.355,49301,2230,716.282889
2026-06-23T15:49:00+00:00,716.385,716.385,715.68,715.75,52842,2252,716.017445
2026-06-23T15:50:00+00:00,715.79,716.275,715.65,716.125,68121,2472,715.868099
2026-06-23T15:51:00+00:00,716.1399,717.01,716.02,716.9701,70881,2541,716.603201
2026-06-23T15:52:00+00:00,716.93,717.32,716.84,717.247,72541,2510,717.122612
2026-06-23T15:53:00+00:00,717.26,717.84,717.24,717.58,69411,2319,717.569913
2026-06-23T15:54:00+00:00,717.55,718.05,717.504,717.53,66596,2247,717.766628
2026-06-23T15:55:00+00:00,717.51,717.525,716.61,716.96,89997,2747,717.133074
2026-06-23T15:56:00+00:00,716.98,717.5,716.7277,717.33,57397,2014,717.109937
2026-06-23T15:57:00+00:00,717.325,717.9,717.22,717.686,51346,2273,717.507391
2026-06-23T15:58:00+00:00,717.69,717.9,717.4256,717.47,45789,2134,717.639718
2026-06-23T15:59:00+00:00,717.47,717.67,717.245,717.5314,50776,2214,717.47037
2026-06-23T16:00:00+00:00,717.54,718.03,717.33,718.03,40151,2081,717.765226
2026-06-23T16:01:00+00:00,718.06,718.7099,718.01,718.57,80372,2571,718.433621
2026-06-23T16:02:00+00:00,718.47,718.71,718.38,718.4,89340,2840,718.597118
2026-06-23T16:03:00+00:00,718.45,718.82,718.38,718.77,60101,2407,718.653277
2026-06-23T16:04:00+00:00,718.78,719.01,718.65,718.94,61608,2290,718.827587
2026-06-23T16:05:00+00:00,718.94,719.7,718.9,719.3819,81345,2695,719.399979
2026-06-23T16:06:00+00:00,719.375,719.375,718.69,719.1,58209,2347,718.986001
2026-06-23T16:07:00+00:00,719.06,719.1,718.5798,718.5798,60237,2213,718.832614
2026-06-23T16:08:00+00:00,718.58,719.02,718.48,718.985,103799,2888,718.702824
2026-06-23T16:09:00+00:00,718.99,719.43,718.9,719.2801,103355,3096,719.226174
2026-06-23T16:10:00+00:00,719.31,719.8,719.29,719.62,109438,2646,719.595675
2026-06-23T16:11:00+00:00,719.58,720.16,719.4901,720.06,99514,2601,719.926362
2026-06-23T16:12:00+00:00,720.02,720.2999,719.9,720.11,90922,2293,720.082884
2026-06-23T16:13:00+00:00,720.15,720.29,719.85,719.85,56743,2222,720.068904
2026-06-23T16:14:00+00:00,719.85,720.25,719.71,720.035,59250,2082,720.081885
2026-06-23T16:15:00+00:00,720.05,720.28,719.88,719.95,99149,3094,720.107351
2026-06-23T16:16:00+00:00,719.97,720.07,719.46,719.565,142566,3434,719.75546
2026-06-23T16:17:00+00:00,719.57,719.67,719.2205,719.27,67198,2255,719.405323
2026-06-23T16:18:00+00:00,719.31,719.8,719.275,719.48,174650,2427,719.610862
2026-06-23T16:19:00+00:00,719.47,719.76,718.92,719.0401,75970,2599,719.218521
2026-06-23T16:20:00+00:00,719.08,719.11,718.35,718.37,192290,3485,718.539033
2026-06-23T16:21:00+00:00,718.41,718.9,718.41,718.85,106168,3052,718.708856
2026-06-23T16:22:00+00:00,718.83,719.21,718.64,719.21,72919,2525,719.002046
2026-06-23T16:23:00+00:00,719.215,719.74,719.215,719.7,108922,2512,719.455122
2026-06-23T16:24:00+00:00,719.67,720,719.5,719.74,62471,1132,719.817573
2026-06-23T16:25:00+00:00,719.74,719.87,719.39,719.39,50721,930,719.628876
2026-06-23T16:26:00+00:00,719.4,719.4,719.05,719.18,46771,1008,719.245901
2026-06-23T16:27:00+00:00,719.15,719.4399,718.95,719.4399,36483,976,719.145952
2026-06-23T16:28:00+00:00,719.43,719.6799,719.4,719.49,34871,874,719.546583
2026-06-23T16:29:00+00:00,719.48,719.76,719.365,719.39,34594,816,719.537227
2026-06-23T16:30:00+00:00,719.371,719.66,719.131,719.2099,49640,1069,719.395327
2026-06-23T16:31:00+00:00,719.175,719.1799,718.62,719.1799,48845,1257,718.929573
2026-06-23T16:32:00+00:00,719.18,719.2799,718.89,719.19,26566,685,719.119786
2026-06-23T16:33:00+00:00,719.12,719.39,718.97,719.0172,272431,739,719.157858
2026-06-23T16:34:00+00:00,718.98,719.14,718.51,718.6801,175198,1652,718.753964
2026-06-23T16:35:00+00:00,718.71,719,718.45,718.6,33040,843,718.731203
2026-06-23T16:36:00+00:00,718.6001,719.18,718.5999,718.98,35600,843,718.917057
2026-06-23T16:37:00+00:00,719,719.17,718.77,718.97,26309,844,719.019672
2026-06-23T16:38:00+00:00,718.96,719.08,718.7,718.75,22372,694,718.891024
2026-06-23T16:39:00+00:00,718.77,719.23,718.7401,719.16,36640,894,718.988134
2026-06-23T16:40:00+00:00,719.19,719.5618,719.125,719.55,104781,2191,719.371308
2026-06-23T16:41:00+00:00,719.55,720,719.4801,719.87,45439,1081,719.775918
2026-06-23T16:42:00+00:00,719.875,719.88,719.62,719.69,30861,910,719.75467
2026-06-23T16:43:00+00:00,719.7,719.875,719.52,719.5697,28775,848,719.682849
2026-06-23T16:44:00+00:00,719.555,720.04,719.5411,719.98,45054,970,719.867352
2026-06-23T16:45:00+00:00,719.97,720.0699,719.5463,719.59,30559,893,719.792604
2026-06-23T16:46:00+00:00,719.63,719.7499,719.4001,719.531,29384,801,719.556829
2026-06-23T16:47:00+00:00,719.509,719.509,718.79,718.94,36688,1023,719.017271
2026-06-23T16:48:00+00:00,718.965,719.22,718.58,718.65,49236,932,718.83046
2026-06-23T16:49:00+00:00,718.69,719.0499,718.62,719.02,37665,925,718.799868
2026-06-23T16:50:00+00:00,719.04,719.08,718.43,718.66,301202,1792,718.608723
2026-06-23T16:51:00+00:00,718.645,718.77,718.28,718.48,55565,1168,718.46557
2026-06-23T16:52:00+00:00,718.49,718.92,718.41,718.67,51312,1287,718.699199
2026-06-23T16:53:00+00:00,718.67,718.88,718.42,718.74,72820,1455,718.697769
2026-06-23T16:54:00+00:00,718.74,718.9,718.58,718.81,46042,1210,718.740937
2026-06-23T16:55:00+00:00,718.81,719,718.382,718.51,55410,1221,718.733651
2026-06-23T16:56:00+00:00,718.51,719.02,718.42,718.4678,36574,1046,718.78503
2026-06-23T16:57:00+00:00,718.45,718.71,718.43,718.6018,24838,789,718.555462
2026-06-23T16:58:00+00:00,718.66,719,718.52,718.94,14108,645,718.832348
2026-06-23T16:59:00+00:00,718.92,719.41,718.88,719.045,59163,1210,719.179512
2026-06-23T17:00:00+00:00,719.01,719.09,718.42,718.5,36412,991,718.677768
2026-06-23T17:01:00+00:00,718.48,718.89,718.26,718.6187,47579,1358,718.599445
2026-06-23T17:02:00+00:00,718.57,718.6899,717.84,718.02,413362,2450,718.137886
2026-06-23T17:03:00+00:00,718.03,718.12,717.78,717.78,60079,1420,717.918989
2026-06-23T17:04:00+00:00,717.79,717.89,717.67,717.85,165206,1244,717.80141
2026-06-23T17:05:00+00:00,717.84,718.07,717.38,717.5528,51827,1116,717.71692
2026-06-23T17:06:00+00:00,717.55,717.6789,717.4301,717.52,51412,906,717.535754
2026-06-23T17:07:00+00:00,717.49,717.76,717.46,717.55,27948,782,717.591874
2026-06-23T17:08:00+00:00,717.55,717.85,717.29,717.68,42054,971,717.574594
2026-06-23T17:09:00+00:00,717.67,718,717.52,717.92,60046,1110,717.822601
2026-06-23T17:10:00+00:00,717.87,718.57,717.87,718.46,85413,1457,718.31262
2026-06-23T17:11:00+00:00,718.41,719.42,718.37,719.25,94599,1659,719.077237
2026-06-23T17:12:00+00:00,719.25,719.45,719.04,719.2,37343,849,719.21568
2026-06-23T17:13:00+00:00,719.2,719.36,719.02,719.13,40441,883,719.137045
2026-06-23T17:14:00+00:00,719.1291,719.3194,718.69,718.71,49162,1072,718.963465
2026-06-23T17:15:00+00:00,718.73,719,718.69,718.88,32951,745,718.831642
2026-06-23T17:16:00+00:00,718.87,719.115,718.56,718.91,30346,807,718.881454
2026-06-23T17:17:00+00:00,718.94,718.94,718.01,718.07,44425,1048,718.319921
2026-06-23T17:18:00+00:00,718.11,718.42,718.01,718.33,27518,732,718.229808
2026-06-23T17:19:00+00:00,718.33,718.37,718.02,718.29,19269,583,718.182743
2026-06-23T17:20:00+00:00,718.2815,718.54,718.15,718.51,31192,733,718.307368
2026-06-23T17:21:00+00:00,718.5,719.4,718.5,719.25,69915,1401,718.938644
2026-06-23T17:22:00+00:00,719.17,719.3,719.0108,719.185,33594,708,719.142754
2026-06-23T17:23:00+00:00,719.185,719.33,719.08,719.2,29324,619,719.215728
2026-06-23T17:24:00+00:00,719.16,719.668,719.16,719.375,86906,1606,719.45562
2026-06-23T17:25:00+00:00,719.36,719.63,718.92,719.24,33504,1012,719.316045
2026-06-23T17:26:00+00:00,719.23,719.31,718.94,719.215,22458,647,719.163192
2026-06-23T17:27:00+00:00,719.3,719.53,719.25,719.35,15397,500,719.402285
2026-06-23T17:28:00+00:00,719.355,719.71,719.32,719.47,29586,716,719.540827
2026-06-23T17:29:00+00:00,719.42,719.48,719,719.08,32299,609,719.260253
2026-06-23T17:30:00+00:00,719.08,719.165,718.4,718.62,37775,1086,718.753667
2026-06-23T17:31:00+00:00,718.6301,718.73,718.23,718.55,41368,1054,718.465435
2026-06-23T17:32:00+00:00,718.55,718.98,718.43,718.87,43200,1166,718.718673
2026-06-23T17:33:00+00:00,718.86,719.23,718.86,719.045,39331,1028,719.068398
2026-06-23T17:34:00+00:00,719.07,719.26,718.64,719.26,29422,893,718.896996
2026-06-23T17:35:00+00:00,719.22,719.77,719.22,719.735,72916,1277,719.562211
2026-06-23T17:36:00+00:00,719.73,719.79,719.42,719.49,22296,768,719.611603
2026-06-23T17:37:00+00:00,719.45,719.69,719.04,719.15,36394,878,719.255014
2026-06-23T17:38:00+00:00,719.17,719.17,718.84,718.98,30276,648,719.003196
2026-06-23T17:39:00+00:00,719.005,719.005,718.65,718.75,26012,722,718.796907
2026-06-23T17:40:00+00:00,718.7,718.85,718.58,718.62,19442,619,718.691804
2026-06-23T17:41:00+00:00,718.65,718.66,718.28,718.4,33101,858,718.444189
2026-06-23T17:42:00+00:00,718.4,718.43,718.15,718.38,34496,787,718.266623
2026-06-23T17:43:00+00:00,718.385,718.58,718.24,718.24,24421,613,718.460645
2026-06-23T17:44:00+00:00,718.2306,718.43,718.12,718.21,44866,875,718.261962
2026-06-23T17:45:00+00:00,718.21,718.55,718.07,718.45,33255,844,718.360975
2026-06-23T17:46:00+00:00,718.45,718.58,718.04,718.11,29867,836,718.213731
2026-06-23T17:47:00+00:00,718.08,718.1285,717.8615,718.04,157701,1150,717.978451
2026-06-23T17:48:00+00:00,718.08,718.21,717.92,718.04,35055,788,718.089698
2026-06-23T17:49:00+00:00,718.07,718.39,718.07,718.13,62768,633,718.265315
2026-06-23T17:50:00+00:00,718.14,718.1684,717.68,717.74,38511,838,717.801298
2026-06-23T17:51:00+00:00,717.715,717.77,717.445,717.57,37284,856,717.602027
2026-06-23T17:52:00+00:00,717.54,717.61,717.33,717.46,33116,6274,717.484899
2026-06-23T17:53:00+00:00,717.44,717.49,717.07,717.07,58357,1484,717.286241
2026-06-23T17:54:00+00:00,717.08,717.18,716.33,716.47,95541,2014,716.798729
2026-06-23T17:55:00+00:00,716.46,716.69,716.06,716.32,88473,1639,716.357875
2026-06-23T17:56:00+00:00,716.3001,716.31,716,716.15,76803,1454,716.15902
2026-06-23T17:57:00+00:00,716.15,716.37,716.06,716.13,87368,1393,716.21436
2026-06-23T17:58:00+00:00,716.13,716.3,715.96,716.04,57915,1482,716.095838
2026-06-23T17:59:00+00:00,716.01,716.19,715.85,715.87,85821,1574,716.002281
2026-06-23T18:00:00+00:00,715.93,716.73,715.73,716.73,156078,3133,716.278686
2026-06-23T18:01:00+00:00,716.74,716.99,716.48,716.9293,80959,1766,716.798299
2026-06-23T18:02:00+00:00,716.89,717.08,716.57,716.58,30616,929,716.82927
2026-06-23T18:03:00+00:00,716.6199,716.71,716.39,716.5445,46799,854,716.518407
2026-06-23T18:04:00+00:00,716.52,716.5599,716.29,716.348,43380,1103,716.419987
2026-06-23T18:05:00+00:00,716.36,716.48,716.18,716.33,212293,1329,716.309519
2026-06-23T18:06:00+00:00,716.31,716.5,716.125,716.19,46465,967,716.291752
2026-06-23T18:07:00+00:00,716.17,716.22,715.44,715.47,73314,1353,715.813875
2026-06-23T18:08:00+00:00,715.47,715.7,715.34,715.64,58137,997,715.512495
2026-06-23T18:09:00+00:00,715.62,715.93,715.62,715.87,34492,774,715.797865
2026-06-23T18:10:00+00:00,715.88,716.1099,715.79,715.96,51334,874,715.912231
2026-06-23T18:11:00+00:00,715.98,716.17,715.94,716.08,34873,720,716.049424
2026-06-23T18:12:00+00:00,716.1,716.27,715.91,715.95,35141,890,716.062729
2026-06-23T18:13:00+00:00,715.955,716.16,715.85,715.96,42937,1053,715.970762
2026-06-23T18:14:00+00:00,715.96,716.33,715.95,716.205,144657,1023,716.230073
2026-06-23T18:15:00+00:00,716.18,716.62,716.12,716.36,39329,944,716.42378
2026-06-23T18:16:00+00:00,716.44,716.55,715.852,715.9,56592,1323,716.093633
2026-06-23T18:17:00+00:00,715.93,715.9761,715.72,715.815,82141,709,715.870358
2026-06-23T18:18:00+00:00,715.78,715.89,715.67,715.67,52608,1137,715.763634
2026-06-23T18:19:00+00:00,715.67,715.945,715.66,715.92,55871,1121,715.796813
2026-06-23T18:20:00+00:00,715.925,715.96,715.56,715.62,71401,1206,715.723223
2026-06-23T18:21:00+00:00,715.61,715.8192,715.58,715.77,64855,1137,715.679158
2026-06-23T18:22:00+00:00,715.74,716.3,715.74,716.24,147027,1184,716.084745
2026-06-23T18:23:00+00:00,716.25,716.46,716.0844,716.32,68107,1108,716.289192
2026-06-23T18:24:00+00:00,716.335,716.35,715.955,716.14,29700,686,716.203618
2026-06-23T18:25:00+00:00,716.16,716.17,715.6779,715.88,79417,824,715.8414
2026-06-23T18:26:00+00:00,715.83,715.95,715.72,715.81,55662,1234,715.833385
2026-06-23T18:27:00+00:00,715.81,716.0299,715.81,715.86,44374,759,715.932596
2026-06-23T18:28:00+00:00,715.83,716,715.73,715.9,38503,911,715.870223
2026-06-23T18:29:00+00:00,715.9,716.175,715.86,715.88,27479,570,715.996737
2026-06-23T18:30:00+00:00,715.85,715.86,715.63,715.7,83778,1136,715.749601
2026-06-23T18:31:00+00:00,715.71,716.06,715.65,715.87,56289,1011,715.832766
2026-06-23T18:32:00+00:00,715.88,715.95,715.67,715.7388,35758,767,715.777115
2026-06-23T18:33:00+00:00,715.68,715.84,715.55,715.58,60887,1036,715.664919
2026-06-23T18:34:00+00:00,715.59,715.69,715.36,715.42,64804,1194,715.524965
2026-06-23T18:35:00+00:00,715.41,715.65,715.27,715.29,75993,1379,715.498846
2026-06-23T18:36:00+00:00,715.29,715.5165,715.1901,715.3668,63843,1232,715.311819
2026-06-23T18:37:00+00:00,715.33,715.385,715.2,715.23,30647,916,715.2733
2026-06-23T18:38:00+00:00,715.25,715.28,715.04,715.08,41763,994,715.1327
2026-06-23T18:39:00+00:00,715.05,715.15,714.93,715.04,82684,4039,715.032448
2026-06-23T18:40:00+00:00,715.03,715.03,714.21,714.2399,91595,1818,714.615838
2026-06-23T18:41:00+00:00,714.21,714.61,714.21,714.51,73960,1423,714.480865
2026-06-23T18:42:00+00:00,714.495,714.52,713.655,713.66,203138,3381,713.998466
2026-06-23T18:43:00+00:00,713.665,713.945,713.5,713.5,148623,2356,713.755298
2026-06-23T18:44:00+00:00,713.5,713.62,713.3,713.351,118847,2391,713.446265
2026-06-23T18:45:00+00:00,713.36,713.5,712.82,712.85,167241,3637,713.177764
2026-06-23T18:46:00+00:00,712.87,713.06,712.57,712.595,144933,2222,712.808945
2026-06-23T18:47:00+00:00,712.6101,712.83,712.4,712.416,131144,2456,712.614389
2026-06-23T18:48:00+00:00,712.43,713.26,712.4204,713.11,167368,2767,712.922985
2026-06-23T18:49:00+00:00,713.12,713.28,712.98,713.22,187358,2874,713.16231
2026-06-23T18:50:00+00:00,713.25,714.05,713.1901,713.86,184195,2716,713.68246
2026-06-23T18:51:00+00:00,713.86,714.01,713.51,713.535,109429,2037,713.799874
2026-06-23T18:52:00+00:00,713.58,713.69,713.005,713.11,184563,1570,713.307221
2026-06-23T18:53:00+00:00,713.12,713.12,712.38,712.43,96927,1940,712.722682
2026-06-23T18:54:00+00:00,712.4275,712.81,712.1101,712.79,266089,2332,712.439159
2026-06-23T18:55:00+00:00,712.77,712.81,712.29,712.5,100344,2074,712.504178
2026-06-23T18:56:00+00:00,712.485,712.73,712.28,712.51,88960,1957,712.530806
2026-06-23T18:57:00+00:00,712.48,712.78,712.34,712.7,109278,2250,712.577438
2026-06-23T18:58:00+00:00,712.7,713.3,712.46,713.28,132304,2587,712.886823
2026-06-23T18:59:00+00:00,713.29,713.6629,713.2501,713.38,102186,2288,713.451622
2026-06-23T19:00:00+00:00,713.36,713.66,712.975,713.6438,128782,2195,713.348569
2026-06-23T19:01:00+00:00,713.62,714.69,713.59,714.61,175893,2955,714.312218
2026-06-23T19:02:00+00:00,714.56,714.685,714.23,714.52,161977,2999,714.480081
2026-06-23T19:03:00+00:00,714.53,715.11,714.42,715.07,148280,3283,714.760311
2026-06-23T19:04:00+00:00,715.06,715.47,714.87,715.37,139511,2625,715.15583
2026-06-23T19:05:00+00:00,715.3699,716.35,715.3,716.0201,213032,3742,715.914776
2026-06-23T19:06:00+00:00,716.06,716.06,714.85,714.94,189083,2751,715.399297
2026-06-23T19:07:00+00:00,714.92,715.08,714.37,714.47,248449,3107,714.694839
2026-06-23T19:08:00+00:00,714.47,714.59,713.74,713.83,117243,2055,713.98113
2026-06-23T19:09:00+00:00,713.85,714.16,713.82,714.015,144570,2496,714.002877
2026-06-23T19:10:00+00:00,713.995,714.12,713.51,713.57,228631,1884,713.782335
2026-06-23T19:11:00+00:00,713.59,714.53,713.56,714.44,106990,1974,714.127685
2026-06-23T19:12:00+00:00,714.42,714.75,714.35,714.66,96089,1366,714.521537
2026-06-23T19:13:00+00:00,714.63,714.63,713.86,714.23,230105,1736,714.153838
2026-06-23T19:14:00+00:00,714.2,714.658,714.19,714.41,85606,1404,714.471096
2026-06-23T19:15:00+00:00,714.36,714.75,714.17,714.38,67896,1513,714.452313
2026-06-23T19:16:00+00:00,714.39,714.712,714.125,714.26,86984,1597,714.432607
2026-06-23T19:17:00+00:00,714.31,714.31,713.62,713.66,111583,1668,713.908113
2026-06-23T19:18:00+00:00,713.6556,713.8498,713.38,713.59,85140,1480,713.591489
2026-06-23T19:19:00+00:00,713.55,713.76,713.29,713.35,107913,1679,713.459923
2026-06-23T19:20:00+00:00,713.34,713.73,713.15,713.18,176860,1773,713.361987
2026-06-23T19:21:00+00:00,713.185,713.79,712.99,713.73,145552,2117,713.284967
2026-06-23T19:22:00+00:00,713.75,714,713.61,713.6824,136412,1966,713.791293
2026-06-23T19:23:00+00:00,713.68,715.39,713.66,715.14,199550,2755,714.539654
2026-06-23T19:24:00+00:00,715.12,715.16,714.68,714.71,151276,1732,714.910816
2026-06-23T19:25:00+00:00,714.73,715.1,714.44,715.02,110184,2019,714.762548
2026-06-23T19:26:00+00:00,714.98,715.79,714.98,715.1,186619,2613,715.440923
2026-06-23T19:27:00+00:00,715.09,715.36,714.9,715.12,97092,1846,715.166776
2026-06-23T19:28:00+00:00,715.12,715.18,714.7,714.8,94805,1847,714.893117
2026-06-23T19:29:00+00:00,714.79,715.45,714.69,715.23,95784,1803,715.208027
2026-06-23T19:30:00+00:00,715.24,715.77,714.97,715.31,160346,2194,715.370318
2026-06-23T19:31:00+00:00,715.29,715.39,714.78,714.8499,104779,1688,715.025254
2026-06-23T19:32:00+00:00,714.85,715.43,714.52,715.34,124284,1724,714.851303
2026-06-23T19:33:00+00:00,715.37,715.7,715.1029,715.53,78927,1498,715.409138
2026-06-23T19:34:00+00:00,715.54,715.99,715.49,715.82,110622,1739,715.830266
2026-06-23T19:35:00+00:00,715.83,716,715.36,715.74,124078,2255,715.610533
2026-06-23T19:36:00+00:00,715.7426,715.98,715.48,715.58,78712,1506,715.73353
2026-06-23T19:37:00+00:00,715.58,715.81,715.365,715.56,112668,1561,715.573179
2026-06-23T19:38:00+00:00,715.55,715.86,715.34,715.47,112221,1678,715.558743
2026-06-23T19:39:00+00:00,715.46,715.68,715.26,715.28,80859,1436,715.435603
2026-06-23T19:40:00+00:00,715.29,715.48,715.05,715.11,83008,1732,715.261902
2026-06-23T19:41:00+00:00,715.11,715.11,714.75,714.8,112282,2215,714.909319
2026-06-23T19:42:00+00:00,714.8,715.02,714.39,714.51,188239,2697,714.623683
2026-06-23T19:43:00+00:00,714.51,714.79,714.33,714.6,209102,2018,714.590626
2026-06-23T19:44:00+00:00,714.6,715.12,714.54,714.8,116895,2183,714.816779
2026-06-23T19:45:00+00:00,714.84,715.16,714.47,714.6299,156870,2894,714.73202
2026-06-23T19:46:00+00:00,714.61,714.77,714.3,714.4,172353,2806,714.515522
2026-06-23T19:47:00+00:00,714.4,714.57,714.04,714.04,158131,2757,714.216487
2026-06-23T19:48:00+00:00,714.05,714.08,713.53,713.75,171551,3193,713.729168
2026-06-23T19:49:00+00:00,713.75,714.56,713.74,714.475,184152,3013,714.084834
2026-06-23T19:50:00+00:00,714.45,715.26,714.23,714.94,258278,4913,714.822969
2026-06-23T19:51:00+00:00,714.93,715,714.37,714.625,405404,3330,714.662264
2026-06-23T19:52:00+00:00,714.63,714.77,714.38,714.56,336102,3168,714.555319
2026-06-23T19:53:00+00:00,714.56,714.63,713.95,714.49,286515,4938,714.338877
2026-06-23T19:54:00+00:00,714.5,715.68,714.36,715.56,261753,4832,715.145797
2026-06-23T19:55:00+00:00,715.55,715.63,714.9,715.16,352391,5402,715.188003
2026-06-23T19:56:00+00:00,715.16,715.33,714.87,715.13,501475,4358,715.117405
2026-06-23T19:57:00+00:00,715.13,715.14,714.55,714.62,591358,5424,714.775063
2026-06-23T19:58:00+00:00,714.61,714.84,714.475,714.72,780772,6857,714.657886
2026-06-23T19:59:00+00:00,714.72,715.13,713.5,713.69,1298983,13195,714.505112
2026-06-23T20:00:00+00:00,713.71,713.89,713.31,713.49,1275909,1136,713.642529
2026-06-23T20:01:00+00:00,713.44,714.7629,713.4,713.5,96690,439,713.862483
2026-06-23T20:02:00+00:00,713.5717,713.99,713.5717,713.98,27388,288,713.793586
2026-06-23T20:03:00+00:00,713.99,714.02,713.8,713.99,11132,173,713.942834
2026-06-23T20:04:00+00:00,714,714.42,714,714.2501,44507,367,714.205748
2026-06-23T20:05:00+00:00,714.28,714.57,714.27,714.57,52716,510,714.367311
2026-06-23T20:06:00+00:00,714.6099,714.76,714.59,714.75,375671,191,714.670823
2026-06-23T20:07:00+00:00,714.76,715.8,714.76,715,31371,358,715.09764
2026-06-23T20:08:00+00:00,715.04,715.25,714.92,715.2291,15219,141,715.059574
2026-06-23T20:09:00+00:00,715.26,715.26,714.94,715.04,54934,320,715.014088
2026-06-23T20:10:00+00:00,715,715.08,714.85,714.96,10760,146,714.977945
2026-06-23T20:11:00+00:00,714.89,715.3,714.89,715.26,1334534,279,715.225423
2026-06-23T20:12:00+00:00,715.26,715.39,715.01,715.1,36433,245,715.307001
2026-06-23T20:13:00+00:00,715.13,715.22,715.11,715.22,5543,83,715.183254
2026-06-23T20:14:00+00:00,715.24,715.26,715.15,715.19,9251,109,715.206864
2026-06-23T20:15:00+00:00,715.14,715.14,715,715.07,203180,121,715.06131
2026-06-23T20:16:00+00:00,715.07,715.2,715.04,715.11,7108,80,715.116452
2026-06-23T20:17:00+00:00,715.13,715.14,714.86,715.12,318814,131,715.024161
2026-06-23T20:18:00+00:00,715.11,715.18,715.07,715.12,1894,67,715.125814
2026-06-23T20:19:00+00:00,715.11,715.34,715.11,715.29,8432,136,715.233529
2026-06-23T20:20:00+00:00,715.28,715.28,715.2,715.25,12019,132,715.241592
2026-06-23T20:21:00+00:00,715.27,715.3,715.2,715.3,8715,95,715.279774
2026-06-23T20:22:00+00:00,715.28,715.45,715.28,715.41,14749,201,715.320478
2026-06-23T20:23:00+00:00,715.4099,715.62,715.38,715.62,6028,117,715.510739
2026-06-23T20:24:00+00:00,715.5701,715.69,715.5701,715.6,4867,114,715.624603
2026-06-23T20:25:00+00:00,715.5878,715.8,715.58,715.8,6938,148,715.686924
2026-06-23T20:26:00+00:00,715.8196,715.89,715.8196,715.82,106534,91,715.873775
2026-06-23T20:27:00+00:00,715.8,715.8,715.69,715.77,5967,89,715.75722
2026-06-23T20:28:00+00:00,715.84,715.93,715.79,715.93,2278,64,715.874144
2026-06-23T20:29:00+00:00,715.88,715.88,715.68,715.74,34665,333,715.762979
2026-06-23T20:30:00+00:00,715.74,715.8,715.66,715.8,3974,115,715.695714
2026-06-23T20:31:00+00:00,715.8,715.86,715.8,715.86,534,58,715.829493
2026-06-23T20:32:00+00:00,715.8,715.86,715.75,715.75,4167,83,715.780428
2026-06-23T20:33:00+00:00,715.85,715.85,715.75,715.75,13406,167,715.774828
2026-06-23T20:34:00+00:00,715.8407,716,715.8299,715.98,15068,185,715.911069
2026-06-23T20:35:00+00:00,715.94,715.971,715.9,715.91,10710,126,715.940616
2026-06-23T20:36:00+00:00,715.9288,715.9288,715.8104,715.9,11289,142,715.85105
2026-06-23T20:37:00+00:00,715.91,715.98,715.91,715.98,3273,51,715.931184
2026-06-23T20:38:00+00:00,715.98,716.01,715.79,715.79,33675,232,715.941171
2026-06-23T20:39:00+00:00,715.82,715.82,715.6,715.64,2796,62,715.730013
2026-06-23T20:40:00+00:00,715.57,715.57,715.291,715.34,4918,79,715.366287
2026-06-23T20:41:00+00:00,715.37,715.45,715.37,715.45,6264,63,715.403377
2026-06-23T20:42:00+00:00,715.5,715.57,715.5,715.52,2044,47,715.532212
2026-06-23T20:43:00+00:00,715.55,715.71,715.55,715.67,2831,59,715.62296
2026-06-23T20:44:00+00:00,715.68,715.68,715.6,715.6,1294,43,715.618428
2026-06-23T20:45:00+00:00,715.47,715.54,715.47,715.5,20943,135,715.502885
2026-06-23T20:46:00+00:00,715.47,715.55,715.45,715.4601,8869,148,715.475624
2026-06-23T20:47:00+00:00,715.46,715.621,715.451,715.5807,5963,77,715.574972
2026-06-23T20:48:00+00:00,715.59,715.62,715.3903,715.4,2713,73,715.527939
2026-06-23T20:49:00+00:00,715.41,715.42,715.2,715.25,41587,259,715.2912
2026-06-23T20:50:00+00:00,715.33,715.42,715.33,715.42,2713,66,715.389074
2026-06-23T20:51:00+00:00,715.38,715.49,715.37,715.46,11327,95,715.437247
2026-06-23T20:52:00+00:00,715.44,715.52,715.43,715.52,3084,55,715.487169
2026-06-23T20:53:00+00:00,715.44,715.49,715.44,715.45,18193,128,715.47252
2026-06-23T20:54:00+00:00,715.49,715.49,715.44,715.44,47270,310,715.45722
2026-06-23T20:55:00+00:00,715.45,715.55,715.34,715.55,23135,170,715.386274
2026-06-23T20:56:00+00:00,715.57,715.9,715.57,715.85,2353,68,715.708532
2026-06-23T20:57:00+00:00,715.91,715.92,715.84,715.9,6522,112,715.891388
2026-06-23T20:58:00+00:00,715.9,716.08,715.9,716.0366,8843,113,715.965723
2026-06-23T20:59:00+00:00,716.06,716.1995,715.85,716,17265,150,716.092011
2026-06-23T21:01:00+00:00,715.89,715.9958,715.89,715.9958,228,26,715.945684
2026-06-23T21:02:00+00:00,715.91,716,715.89,716,3878,55,715.950059
2026-06-23T21:03:00+00:00,716,716.1,716,716.1,37315,118,716.067834
2026-06-23T21:04:00+00:00,716.1,716.11,716.01,716.1,2330,73,716.097525
2026-06-23T21:05:00+00:00,716.08,716.15,716.04,716.14,5951,73,716.129386
2026-06-23T21:06:00+00:00,716.14,716.14,716.08,716.08,2143,43,716.087465
2026-06-23T21:07:00+00:00,716.1,716.1,716.06,716.06,686,28,716.072456
2026-06-23T21:08:00+00:00,716.1001,716.11,716.1,716.1,2447,61,716.10911
2026-06-23T21:09:00+00:00,716.1,716.1,715.95,715.95,566635,49,716.020234
2026-06-23T21:10:00+00:00,715.95,715.95,715.91,715.91,488,28,715.943596
2026-06-23T21:11:00+00:00,715.9,715.92,715.89,715.91,25394,75,715.904161
2026-06-23T21:12:00+00:00,715.89,715.92,715.89,715.92,3950,96,715.91913
2026-06-23T21:13:00+00:00,715.92,715.92,715.89,715.9,1571,48,715.901688
2026-06-23T21:14:00+00:00,715.9,715.9,715.81,715.89,4013,75,715.890522
2026-06-23T21:15:00+00:00,715.9,715.92,715.9,715.92,1250,35,715.915926
2026-06-23T21:16:00+00:00,715.95,716.1,715.95,716.1,5307,123,716.070506
2026-06-23T21:17:00+00:00,716.0995,716.1,716.05,716.05,1036,26,716.074007
2026-06-23T21:18:00+00:00,715.95,716.04,715.95,716,2942,36,716.002351
2026-06-23T21:19:00+00:00,716,716.04,716,716.0109,3840,29,716.034464
2026-06-23T21:20:00+00:00,716.01,716.04,715.98,716.04,4726,49,715.996302
2026-06-23T21:21:00+00:00,716.04,716.08,716,716,2438,25,716.041504
2026-06-23T21:22:00+00:00,716.08,716.08,716.04,716.0489,3601,33,716.05493
2026-06-23T21:23:00+00:00,716.03,716.05,715.75,716.04,4177,91,715.980038
2026-06-23T21:24:00+00:00,716,716,715.93,715.97,1882,20,715.980937
2026-06-23T21:25:00+00:00,715.97,716.1,715.97,716.06,13694,57,716.036316
2026-06-23T21:26:00+00:00,716.1,716.2,716.05,716.05,2825,53,716.123685
2026-06-23T21:27:00+00:00,716.1,716.1,716.06,716.07,5775,36,716.072945
2026-06-23T21:28:00+00:00,716.1,716.26,716.1,716.26,1711,38,716.209969
2026-06-23T21:29:00+00:00,716.2,716.2,716.2,716.2,117,20,716.2
2026-06-23T21:31:00+00:00,716.26,716.26,716.15,716.2,847,36,716.201249
2026-06-23T21:32:00+00:00,716.25,716.25,716.18,716.25,5517,74,716.211142
2026-06-23T21:33:00+00:00,716.29,716.3,716.25,716.27,2818,52,716.255813
2026-06-23T21:34:00+00:00,716.24,716.26,716.24,716.25,3639,61,716.24993
2026-06-23T21:35:00+00:00,716.23,716.2393,716.22,716.23,2640,43,716.225269
2026-06-23T21:36:00+00:00,716.23,716.31,716.22,716.31,2094,48,716.240576
2026-06-23T21:37:00+00:00,716.35,716.44,716.35,716.44,358,39,716.38
2026-06-23T21:38:00+00:00,716.48,716.5,716.43,716.43,1427,70,716.486885
2026-06-23T21:39:00+00:00,716.42,716.42,716.25,716.28,954,51,716.280157
2026-06-23T21:40:00+00:00,716.43,716.43,716.43,716.43,295,30,716.43
2026-06-23T21:41:00+00:00,716.43,716.45,716.3,716.4399,4941,49,716.437582
2026-06-23T21:42:00+00:00,716.4,716.4,716.31,716.31,1936,34,716.314143
2026-06-23T21:43:00+00:00,716.44,716.44,716.3,716.3,495,47,716.352332
2026-06-23T21:44:00+00:00,716.44,716.44,716.37,716.44,2169,61,716.404041
2026-06-23T21:45:00+00:00,716.44,716.45,716.35,716.35,1955,57,716.419046
2026-06-23T21:46:00+00:00,716.46,716.66,716.45,716.51,5133,81,716.490724
2026-06-23T21:47:00+00:00,716.52,716.56,716.46,716.54,4895,60,716.50694
2026-06-23T21:48:00+00:00,716.54,716.54,716.47,716.54,965,26,716.519736
2026-06-23T21:49:00+00:00,716.54,716.66,716.5201,716.65,2068,44,716.586239
2026-06-23T21:50:00+00:00,716.57,716.6,716.52,716.54,1393,47,716.56753
2026-06-23T21:51:00+00:00,716.59,716.7,716.59,716.67,4072,79,716.651421
2026-06-23T21:52:00+00:00,716.67,716.67,716.57,716.6,1551,60,716.61881
2026-06-23T21:53:00+00:00,716.56,716.65,716.545,716.64,1708,56,716.603363
2026-06-23T21:54:00+00:00,716.64,716.7,716.64,716.7,2345,47,716.665388
2026-06-23T21:55:00+00:00,716.68,716.69,716.64,716.69,1810,32,716.680962
2026-06-23T21:56:00+00:00,716.64,716.8351,716.64,716.8351,769,26,716.738525
2026-06-23T21:57:00+00:00,716.86,716.86,716.67,716.79,1144,38,716.818483
2026-06-23T21:58:00+00:00,716.78,716.8204,716.78,716.82,2350,34,716.797375
2026-06-23T21:59:00+00:00,716.54,716.63,716.54,716.63,2078,62,716.555866
2026-06-23T22:00:00+00:00,716.64,717.06,716.59,716.59,10558,161,716.793027
2026-06-23T22:01:00+00:00,716.5,716.51,716.07,716.1601,18701,177,716.36444
2026-06-23T22:02:00+00:00,716.44,716.44,716.09,716.09,5171,55,716.32143
2026-06-23T22:03:00+00:00,716.17,716.6584,716.17,716.32,3222,56,716.424133
2026-06-23T22:04:00+00:00,716.22,716.22,716.04,716.16,9620,71,716.129265
2026-06-23T22:05:00+00:00,716.15,716.31,716.15,716.31,923,23,716.196076
2026-06-23T22:06:00+00:00,716.38,716.54,716.28,716.53,2833,43,716.490753
2026-06-23T22:07:00+00:00,716.68,716.767,716.54,716.7017,3162,62,716.66672
2026-06-23T22:08:00+00:00,716.78,716.8786,716.78,716.8786,1718,38,716.825415
2026-06-23T22:09:00+00:00,716.86,717.01,716.8252,716.9796,1977,42,716.876319
2026-06-23T22:10:00+00:00,716.86,716.9,716.7585,716.8396,1335,43,716.808664
2026-06-23T22:11:00+00:00,716.9,717.1504,716.9,717.1504,5212,70,717.095538
2026-06-23T22:12:00+00:00,717.08,717.1599,717.08,717.1599,811,28,717.095742
2026-06-23T22:13:00+00:00,717.1815,717.28,717.16,717.16,5480,76,717.20484
2026-06-23T22:14:00+00:00,717.16,717.25,716.92,716.92,5114,64,717.093467
2026-06-23T22:15:00+00:00,716.9,717.14,716.86,717.14,2727,32,716.928216
2026-06-23T22:16:00+00:00,717.22,717.32,717.1903,717.1903,5811,56,717.242208
2026-06-23T22:17:00+00:00,717.19,717.19,717.11,717.16,1219,32,717.134469
2026-06-23T22:18:00+00:00,717,717,716.7999,716.7999,2349,54,716.933966
2026-06-23T22:19:00+00:00,716.5997,716.6099,716.34,716.57,2453,61,716.525252
2026-06-23T22:20:00+00:00,716.6,716.6987,716.5,716.52,2486,52,716.57989
2026-06-23T22:21:00+00:00,716.45,716.4501,715.99,716.1,15081,166,716.265836
2026-06-23T22:22:00+00:00,716.17,716.17,715.73,715.76,8285,90,715.898808
2026-06-23T22:23:00+00:00,715.7,715.73,715.4483,715.4483,5174,107,715.565756
2026-06-23T22:24:00+00:00,715.5,715.62,715.3,715.3,9584,102,715.429763
2026-06-23T22:25:00+00:00,715.15,715.21,715.02,715.13,3698,105,715.11009
2026-06-23T22:26:00+00:00,715.16,715.2,715.01,715.08,5280,158,715.140674
2026-06-23T22:27:00+00:00,715.03,715.2513,715.01,715.25,5499,63,715.14152
2026-06-23T22:28:00+00:00,715.22,715.32,715.06,715.06,2343,63,715.185974
2026-06-23T22:29:00+00:00,715.14,715.3,715.06,715.06,12996,72,715.189157
2026-06-23T22:30:00+00:00,715.09,715.61,715.09,715.53,3253,52,715.392241
2026-06-23T22:31:00+00:00,715.52,715.55,715.3679,715.3679,965,31,715.492581
2026-06-23T22:32:00+00:00,715.4,715.51,715.37,715.42,4921,50,715.415877
2026-06-23T22:33:00+00:00,715.42,715.42,714.7504,714.7504,6119,138,715.001952
2026-06-23T22:34:00+00:00,714.75,714.8,714.229,714.48,22461,180,714.348892
2026-06-23T22:35:00+00:00,714.35,714.45,714.04,714.164,9674,98,714.181989
2026-06-23T22:36:00+00:00,714.13,714.57,714.13,714.49,5122,75,714.283344
2026-06-23T22:37:00+00:00,714.4,714.4,713.83,714,7010,137,714.033728
2026-06-23T22:38:00+00:00,714,714.4,714,714.3348,5421,84,714.226635
2026-06-23T22:39:00+00:00,714.37,714.39,714.06,714.35,3202,60,714.272248
2026-06-23T22:40:00+00:00,714.2403,714.31,714,714.3,2081,38,714.217734
2026-06-23T22:41:00+00:00,714.47,714.47,714.38,714.47,783,37,714.43812
2026-06-23T22:42:00+00:00,714.11,714.11,713.72,713.83,6513,102,713.888487
2026-06-23T22:43:00+00:00,713.8203,713.83,713.65,713.6865,3307,112,713.76009
2026-06-23T22:44:00+00:00,713.61,713.61,713.38,713.58,26716,186,713.485978
2026-06-23T22:45:00+00:00,713.58,713.93,713.35,713.84,12747,139,713.504404
2026-06-23T22:46:00+00:00,713.9102,714.01,713.9102,714,2212,47,713.97176
2026-06-23T22:47:00+00:00,713.9974,713.9974,713.87,713.87,1258,26,713.886617
2026-06-23T22:48:00+00:00,713.931,714.12,713.931,714.12,2175,35,714.022119
2026-06-23T22:49:00+00:00,714.12,714.12,714.06,714.12,1490,21,714.090656
2026-06-23T22:50:00+00:00,714.16,714.37,714.05,714.36,12878,56,714.160807
2026-06-23T22:51:00+00:00,714.27,714.35,714.27,714.35,466,37,714.288066
2026-06-23T22:52:00+00:00,714,714,713.85,713.9,1713,68,713.908249
2026-06-23T22:53:00+00:00,713.9,714.37,713.9,714.37,4465,45,714.257609
2026-06-23T22:54:00+00:00,714.4157,714.4157,714.31,714.31,610,24,714.356084
2026-06-23T22:55:00+00:00,714.44,714.5,714.41,714.44,5063,37,714.456388
2026-06-23T22:56:00+00:00,714.45,714.51,714.44,714.47,3978,51,714.491801
2026-06-23T22:57:00+00:00,714.48,714.55,714.42,714.55,1047,36,714.533625
2026-06-23T22:58:00+00:00,714.6,714.6,714.45,714.45,1402,40,714.544812
2026-06-23T22:59:00+00:00,714.37,714.43,714.37,714.43,1636,27,714.397671
2026-06-23T23:00:00+00:00,714.5,714.51,713.94,713.95,4972,61,714.256001
2026-06-23T23:01:00+00:00,713.99,714.0815,713.98,714.06,7812,64,713.999858
2026-06-23T23:02:00+00:00,714.04,714.09,713.88,713.96,1200,36,713.936758
2026-06-23T23:03:00+00:00,714,714,713.65,713.65,1367,58,713.7533
2026-06-23T23:04:00+00:00,713.57,713.59,713.3684,713.3696,2199,73,713.453076
2026-06-23T23:05:00+00:00,713.38,713.38,712.34,712.46,34445,361,712.568544
2026-06-23T23:06:00+00:00,712.5,712.66,712.33,712.451,6976,103,712.503016
2026-06-23T23:07:00+00:00,712.53,712.53,712.4,712.46,4840,64,712.461639
2026-06-23T23:08:00+00:00,712.43,712.71,712.3,712.71,3271,66,712.484484
2026-06-23T23:09:00+00:00,712.9,712.93,712.8899,712.91,1247,40,712.912285
2026-06-23T23:10:00+00:00,713.01,713.05,712.99,713,5795,65,713.017654
2026-06-23T23:11:00+00:00,713.0204,713.45,712.97,713.42,13142,71,713.288962
2026-06-23T23:12:00+00:00,713.42,713.66,713.42,713.62,6654,64,713.607956
2026-06-23T23:13:00+00:00,713.62,713.79,713.57,713.79,4543,46,713.709645
2026-06-23T23:14:00+00:00,713.97,714.01,713.76,713.76,2798,48,713.88939
2026-06-23T23:15:00+00:00,713.76,714.3,713.76,714.24,3396,74,714.040662
2026-06-23T23:16:00+00:00,714.25,714.26,714.03,714.03,3851,60,714.177113
2026-06-23T23:17:00+00:00,714.14,714.14,714,714,712,44,714.054308
2026-06-23T23:18:00+00:00,714.01,714.13,714.01,714.051,1409,24,714.054631
2026-06-23T23:19:00+00:00,714.1294,714.2,714.1294,714.15,2609,37,714.149439
2026-06-23T23:20:00+00:00,714.17,714.19,714.0478,714.0478,1386,30,714.158098
2026-06-23T23:21:00+00:00,714.05,714.3987,714.05,714.3987,1707,39,714.186421
2026-06-23T23:22:00+00:00,714.44,714.56,714.44,714.46,4410,59,714.47634
2026-06-23T23:23:00+00:00,714.52,714.55,714.52,714.55,453,35,714.544
2026-06-23T23:24:00+00:00,714.56,714.67,714.5,714.67,1676,32,714.604157
2026-06-23T23:25:00+00:00,714.69,714.75,714.66,714.68,3067,50,714.695018
2026-06-23T23:26:00+00:00,714.72,714.75,714.57,714.57,5006,62,714.595425
2026-06-23T23:27:00+00:00,714.52,714.52,714.25,714.29,2405,40,714.457945
2026-06-23T23:28:00+00:00,714.6,714.63,714.57,714.6,3134,43,714.618197
2026-06-23T23:29:00+00:00,714.5974,714.6,714.55,714.55,1066,26,714.583824
2026-06-23T23:30:00+00:00,714.51,714.51,714.41,714.41,788,28,714.494748
2026-06-23T23:31:00+00:00,714.43,714.43,714.43,714.43,233,29,714.43
2026-06-23T23:32:00+00:00,714.25,714.25,713.96,714.07,3951,112,714.050954
2026-06-23T23:33:00+00:00,713.99,713.99,713.85,713.8783,3125,56,713.922454
2026-06-23T23:34:00+00:00,713.8,713.81,713.6,713.6,2347,57,713.735148
2026-06-23T23:35:00+00:00,713.67,713.71,713.5547,713.64,2202,51,713.628103
2026-06-23T23:36:00+00:00,713.68,713.68,713.62,713.65,2729,35,713.642967
2026-06-23T23:37:00+00:00,713.66,713.71,713.35,713.35,1935,57,713.606995
2026-06-23T23:38:00+00:00,713.37,713.46,713.36,713.46,2187,29,713.381371
2026-06-23T23:39:00+00:00,713.4,713.4,713.19,713.2,1811,54,713.234065
2026-06-23T23:40:00+00:00,713.26,713.46,713.08,713.46,1577,65,713.247479
2026-06-23T23:41:00+00:00,713.5,713.67,713.44,713.44,937,30,713.607696
2026-06-23T23:42:00+00:00,713.47,713.8,713.47,713.79,2735,49,713.733629
2026-06-23T23:43:00+00:00,713.93,713.93,713.7465,713.79,2143,33,713.845611
2026-06-23T23:44:00+00:00,713.7501,713.82,713.7501,713.8,1659,32,713.796157
2026-06-23T23:45:00+00:00,713.86,715.29,713.86,715.29,13430,157,714.844247
2026-06-23T23:46:00+00:00,715.38,716.423,715.201,716.423,22316,230,715.955841
2026-06-23T23:47:00+00:00,716.3001,716.35,715.89,715.89,4641,68,716.045302
2026-06-23T23:48:00+00:00,716.0204,716.18,715.73,716,7715,94,716.02991
2026-06-23T23:49:00+00:00,715.82,716,715.82,715.9,3654,78,715.939465
2026-06-23T23:50:00+00:00,715.9,715.95,715.51,715.57,3385,53,715.674275
2026-06-23T23:51:00+00:00,715.53,715.69,715.53,715.69,903,35,715.595901
2026-06-23T23:52:00+00:00,715.74,716.01,715.74,716.01,948,44,715.901459
2026-06-23T23:53:00+00:00,716,716.08,715.97,716.05,4874,47,716.032941
2026-06-23T23:54:00+00:00,716.08,716.18,715.94,715.94,4910,63,716.071251
2026-06-23T23:55:00+00:00,715.71,716,715.71,715.97,3094,36,715.883672
2026-06-23T23:56:00+00:00,716.01,716.1,715.96,716.1,1331,34,716.061519
2026-06-23T23:57:00+00:00,715.98,715.98,715.85,715.88,952,32,715.905327
2026-06-23T23:58:00+00:00,715.78,715.98,715.72,715.87,3500,37,715.92607
2026-06-23T23:59:00+00:00,715.9,716.04,715.8999,716.04,9249,58,715.997939
