date,open,close
2024-02-01,2024-02-01T09:30:00-05:00,2024-02-01T16:00:00-05:00
2024-02-02,2024-02-02T09:30:00-05:00,2024-02-02T16:00:00-05:00
2024-02-05,2024-02-05T09:30:00-05:00,2024-02-05T16:00:00-05:00
2024-02-06,2024-02-06T09:30:00-05:00,2024-02-06T16:00:00-05:00
2024-02-07,2024-02-07T09:30:00-05:00,2024-02-07T16:00:00-05:00
2024-02-08,2024-02-08T09:30:00-05:00,2024-02-08T16:00:00-05:00
2024-02-09,2024-02-09T09:30:00-05:00,2024-02-09T16:00:00-05:00
2024-02-12,2024-02-12T09:30:00-05:00,2024-02-12T16:00:00-05:00
2024-02-13,2024-02-13T09:30:00-05:00,2024-02-13T16:00:00-05:00
2024-02-14,2024-02-14T09:30:00-05:00,2024-02-14T16:00:00-05:00
2024-02-15,2024-02-15T09:30:00-05:00,2024-02-15T16:00:00-05:00
2024-02-16,2024-02-16T09:30:00-05:00,2024-02-16T16:00:00-05:00
2024-02-20,2024-02-20T09:30:00-05:00,2024-02-20T16:00:00-05:00
2024-02-21,2024-02-21T09:30:00-05:00,2024-02-21T16:00:00-05:00
2024-02-22,2024-02-22T09:30:00-05:00,2024-02-22T16:00:00-05:00
2024-02-23,2024-02-23T09:30:00-05:00,2024-02-23T16:00:00-05:00
2024-02-26,2024-02-26T09:30:00-05:00,2024-02-26T16:00:00-05:00
2024-02-27,2024-02-27T09:30:00-05:00,2024-02-27T16:00:00-05:00
2024-02-28,2024-02-28T09:30:00-05:00,2024-02-28T16:00:00-05:00
2024-02-29,2024-02-29T09:30:00-05:00,2024-02-29T16:00:00-05:00
2024-03-01,2024-03-01T09:30:00-05:00,2024-03-01T16:00:00-05:00
2024-03-04,2024-03-04T09:30:00-05:00,2024-03-04T16:00:00-05:00
2024-03-05,2024-03-05T09:30:00-05:00,2024-03-05T16:00:00-05:00
2024-03-06,2024-03-06T09:30:00-05:00,2024-03-06T16:00:00-05:00
2024-03-07,2024-03-07T09:30:00-05:00,2024-03-07T16:00:00-05:00
2024-03-08,2024-03-08T09:30:00-05:00,2024-03-08T16:00:00-05:00
2024-03-11,2024-03-11T09:30:00-04:00,2024-03-11T16:00:00-04:00
2024-03-12,2024-03-12T09:30:00-04:00,2024-03-12T16:00:00-04:00
2024-03-13,2024-03-13T09:30:00-04:00,2024-03-13T16:00:00-04:00
2024-03-14,2024-03-14T09:30:00-04:00,2024-03-14T16:00:00-04:00
2024-03-15,2024-03-15T09:30:00-04:00,2024-03-15T16:00:00-04:00
2024-03-18,2024-03-18T09:30:00-04:00,2024-03-18T16:00:00-04:00
2024-03-19,2024-03-19T09:30:00-04:00,2024-03-19T16:00:00-04:00
2024-03-20,2024-03-20T09:30:00-04:00,2024-03-20T16:00:00-04:00
2024-03-21,2024-03-21T09:30:00-04:00,2024-03-21T16:00:00-04:00
2024-03-22,2024-03-22T09:30:00-04:00,2024-03-22T16:00:00-04:00
2024-03-25,2024-03-25T09:30:00-04:00,2024-03-25T16:00:00-04:00
2024-03-26,2024-03-26T09:30:00-04:00,2024-03-26T16:00:00-04:00
2024-03-27,2024-03-27T09:30:00-04:00,2024-03-27T16:00:00-04:00
2024-03-28,2024-03-28T09:30:00-04:00,2024-03-28T16:00:00-04:00
2024-04-01,2024-04-01T09:30:00-04:00,2024-04-01T16:00:00-04:00
2024-04-02,2024-04-02T09:30:00-04:00,2024-04-02T16:00:00-04:00
2024-04-03,2024-04-03T09:30:00-04:00,2024-04-03T16:00:00-04:00
2024-04-04,2024-04-04T09:30:00-04:00,2024-04-04T16:00:00-04:00
2024-04-05,2024-04-05T09:30:00-04:00,2024-04-05T16:00:00-04:00
2024-04-08,2024-04-08T09:30:00-04:00,2024-04-08T16:00:00-04:00
2024-04-09,2024-04-09T09:30:00-04:00,2024-04-09T16:00:00-04:00
2024-04-10,2024-04-10T09:30:00-04:00,2024-04-10T16:00:00-04:00
2024-04-11,2024-04-11T09:30:00-04:00,2024-04-11T16:00:00-04:00
2024-04-12,2024-04-12T09:30:00-04:00,2024-04-12T16:00:00-04:00
2024-04-15,2024-04-15T09:30:00-04:00,2024-04-15T16:00:00-04:00
2024-04-16,2024-04-16T09:30:00-04:00,2024-04-16T16:00:00-04:00
2024-04-17,2024-04-17T09:30:00-04:00,2024-04-17T16:00:00-04:00
2024-04-18,2024-04-18T09:30:00-04:00,2024-04-18T16:00:00-04:00
2024-04-19,2024-04-19T09:30:00-04:00,2024-04-19T16:00:00-04:00
2024-04-22,2024-04-22T09:30:00-04:00,2024-04-22T16:00:00-04:00
2024-04-23,2024-04-23T09:30:00-04:00,2024-04-23T16:00:00-04:00
2024-04-24,2024-04-24T09:30:00-04:00,2024-04-24T16:00:00-04:00
2024-04-25,2024-04-25T09:30:00-04:00,2024-04-25T16:00:00-04:00
2024-04-26,2024-04-26T09:30:00-04:00,2024-04-26T16:00:00-04:00
2024-04-29,2024-04-29T09:30:00-04:00,2024-04-29T16:00:00-04:00
2024-04-30,2024-04-30T09:30:00-04:00,2024-04-30T16:00:00-04:00
2024-05-01,2024-05-01T09:30:00-04:00,2024-05-01T16:00:00-04:00
2024-05-02,2024-05-02T09:30:00-04:00,2024-05-02T16:00:00-04:00
2024-05-03,2024-05-03T09:30:00-04:00,2024-05-03T16:00:00-04:00
2024-05-06,2024-05-06T09:30:00-04:00,2024-05-06T16:00:00-04:00
2024-05-07,2024-05-07T09:30:00-04:00,2024-05-07T16:00:00-04:00
2024-05-08,2024-05-08T09:30:00-04:00,2024-05-08T16:00:00-04:00
2024-05-09,2024-05-09T09:30:00-04:00,2024-05-09T16:00:00-04:00
2024-05-10,2024-05-10T09:30:00-04:00,2024-05-10T16:00:00-04:00
2024-05-13,2024-05-13T09:30:00-04:00,2024-05-13T16:00:00-04:00
2024-05-14,2024-05-14T09:30:00-04:00,2024-05-14T16:00:00-04:00
2024-05-15,2024-05-15T09:30:00-04:00,2024-05-15T16:00:00-04:00
2024-05-16,2024-05-16T09:30:00-04:00,2024-05-16T16:00:00-04:00
2024-05-17,2024-05-17T09:30:00-04:00,2024-05-17T16:00:00-04:00
2024-05-20,2024-05-20T09:30:00-04:00,2024-05-20T16:00:00-04:00
2024-05-21,2024-05-21T09:30:00-04:00,2024-05-21T16:00:00-04:00
2024-05-22,2024-05-22T09:30:00-04:00,2024-05-22T16:00:00-04:00
2024-05-23,2024-05-23T09:30:00-04:00,2024-05-23T16:00:00-04:00
2024-05-24,2024-05-24T09:30:00-04:00,2024-05-24T16:00:00-04:00
2024-05-28,2024-05-28T09:30:00-04:00,2024-05-28T16:00:00-04:00
2024-05-29,2024-05-29T09:30:00-04:00,2024-05-29T16:00:00-04:00
2024-05-30,2024-05-30T09:30:00-04:00,2024-05-30T16:00:00-04:00
2024-05-31,2024-05-31T09:30:00-04:00,2024-05-31T16:00:00-04:00
2024-06-03,2024-06-03T09:30:00-04:00,2024-06-03T16:00:00-04:00
2024-06-04,2024-06-04T09:30:00-04:00,2024-06-04T16:00:00-04:00
2024-06-05,2024-06-05T09:30:00-04:00,2024-06-05T16:00:00-04:00
2024-06-06,2024-06-06T09:30:00-04:00,2024-06-06T16:00:00-04:00
2024-06-07,2024-06-07T09:30:00-04:00,2024-06-07T16:00:00-04:00
2024-06-10,2024-06-10T09:30:00-04:00,2024-06-10T16:00:00-04:00
2024-06-11,2024-06-11T09:30:00-04:00,2024-06-11T16:00:00-04:00
2024-06-12,2024-06-12T09:30:00-04:00,2024-06-12T16:00:00-04:00
2024-06-13,2024-06-13T09:30:00-04:00,2024-06-13T16:00:00-04:00
2024-06-14,2024-06-14T09:30:00-04:00,2024-06-14T16:00:00-04:00
2024-06-17,2024-06-17T09:30:00-04:00,2024-06-17T16:00:00-04:00
2024-06-18,2024-06-18T09:30:00-04:00,2024-06-18T16:00:00-04:00
2024-06-20,2024-06-20T09:30:00-04:00,2024-06-20T16:00:00-04:00
2024-06-21,2024-06-21T09:30:00-04:00,2024-06-21T16:00:00-04:00
2024-06-24,2024-06-24T09:30:00-04:00,2024-06-24T16:00:00-04:00
2024-06-25,2024-06-25T09:30:00-04:00,2024-06-25T16:00:00-04:00
2024-06-26,2024-06-26T09:30:00-04:00,2024-06-26T16:00:00-04:00
2024-06-27,2024-06-27T09:30:00-04:00,2024-06-27T16:00:00-04:00
2024-06-28,2024-06-28T09:30:00-04:00,2024-06-28T16:00:00-04:00
2024-07-01,2024-07-01T09:30:00-04:00,2024-07-01T16:00:00-04:00
2024-07-02,2024-07-02T09:30:00-04:00,2024-07-02T16:00:00-04:00
2024-07-03,2024-07-03T09:30:00-04:00,2024-07-03T13:00:00-04:00
2024-07-05,2024-07-05T09:30:00-04:00,2024-07-05T16:00:00-04:00
2024-07-08,2024-07-08T09:30:00-04:00,2024-07-08T16:00:00-04:00
2024-07-09,2024-07-09T09:30:00-04:00,2024-07-09T16:00:00-04:00
2024-07-10,2024-07-10T09:30:00-04:00,2024-07-10T16:00:00-04:00
2024-07-11,2024-07-11T09:30:00-04:00,2024-07-11T16:00:00-04:00
2024-07-12,2024-07-12T09:30:00-04:00,2024-07-12T16:00:00-04:00
2024-07-15,2024-07-15T09:30:00-04:00,2024-07-15T16:00:00-04:00
2024-07-16,2024-07-16T09:30:00-04:00,2024-07-16T16:00:00-04:00
2024-07-17,2024-07-17T09:30:00-04:00,2024-07-17T16:00:00-04:00
2024-07-18,2024-07-18T09:30:00-04:00,2024-07-18T16:00:00-04:00
2024-07-19,2024-07-19T09:30:00-04:00,2024-07-19T16:00:00-04:00
2024-07-22,2024-07-22T09:30:00-04:00,2024-07-22T16:00:00-04:00
2024-07-23,2024-07-23T09:30:00-04:00,2024-07-23T16:00:00-04:00
2024-07-24,2024-07-24T09:30:00-04:00,2024-07-24T16:00:00-04:00
2024-07-25,2024-07-25T09:30:00-04:00,2024-07-25T16:00:00-04:00
2024-07-26,2024-07-26T09:30:00-04:00,2024-07-26T16:00:00-04:00
2024-07-29,2024-07-29T09:30:00-04:00,2024-07-29T16:00:00-04:00
2024-07-30,2024-07-30T09:30:00-04:00,2024-07-30T16:00:00-04:00
2024-07-31,2024-07-31T09:30:00-04:00,2024-07-31T16:00:00-04:00
2024-08-01,2024-08-01T09:30:00-04:00,2024-08-01T16:00:00-04:00
2024-08-02,2024-08-02T09:30:00-04:00,2024-08-02T16:00:00-04:00
2024-08-05,2024-08-05T09:30:00-04:00,2024-08-05T16:00:00-04:00
2024-08-06,2024-08-06T09:30:00-04:00,2024-08-06T16:00:00-04:00
2024-08-07,2024-08-07T09:30:00-04:00,2024-08-07T16:00:00-04:00
2024-08-08,2024-08-08T09:30:00-04:00,2024-08-08T16:00:00-04:00
2024-08-09,2024-08-09T09:30:00-04:00,2024-08-09T16:00:00-04:00
2024-08-12,2024-08-12T09:30:00-04:00,2024-08-12T16:00:00-04:00
2024-08-13,2024-08-13T09:30:00-04:00,2024-08-13T16:00:00-04:00
2024-08-14,2024-08-14T09:30:00-04:00,2024-08-14T16:00:00-04:00
2024-08-15,2024-08-15T09:30:00-04:00,2024-08-15T16:00:00-04:00
2024-08-16,2024-08-16T09:30:00-04:00,2024-08-16T16:00:00-04:00
2024-08-19,2024-08-19T09:30:00-04:00,2024-08-19T16:00:00-04:00
2024-08-20,2024-08-20T09:30:00-04:00,2024-08-20T16:00:00-04:00
2024-08-21,2024-08-21T09:30:00-04:00,2024-08-21T16:00:00-04:00
2024-08-22,2024-08-22T09:30:00-04:00,2024-08-22T16:00:00-04:00
2024-08-23,2024-08-23T09:30:00-04:00,2024-08-23T16:00:00-04:00
2024-08-26,2024-08-26T09:30:00-04:00,2024-08-26T16:00:00-04:00
2024-08-27,2024-08-27T09:30:00-04:00,2024-08-27T16:00:00-04:00
2024-08-28,2024-08-28T09:30:00-04:00,2024-08-28T16:00:00-04:00
2024-08-29,2024-08-29T09:30:00-04:00,2024-08-29T16:00:00-04:00
2024-08-30,2024-08-30T09:30:00-04:00,2024-08-30T16:00:00-04:00
2024-09-03,2024-09-03T09:30:00-04:00,2024-09-03T16:00:00-04:00
2024-09-04,2024-09-04T09:30:00-04:00,2024-09-04T16:00:00-04:00
2024-09-05,2024-09-05T09:30:00-04:00,2024-09-05T16:00:00-04:00
2024-09-06,2024-09-06T09:30:00-04:00,2024-09-06T16:00:00-04:00
2024-09-09,2024-09-09T09:30:00-04:00,2024-09-09T16:00:00-04:00
2024-09-10,2024-09-10T09:30:00-04:00,2024-09-10T16:00:00-04:00
2024-09-11,2024-09-11T09:30:00-04:00,2024-09-11T16:00:00-04:00
2024-09-12,2024-09-12T09:30:00-04:00,2024-09-12T16:00:00-04:00
2024-09-13,2024-09-13T09:30:00-04:00,2024-09-13T16:00:00-04:00
2024-09-16,2024-09-16T09:30:00-04:00,2024-09-16T16:00:00-04:00
2024-09-17,2024-09-17T09:30:00-04:00,2024-09-17T16:00:00-04:00
2024-09-18,2024-09-18T09:30:00-04:00,2024-09-18T16:00:00-04:00
2024-09-19,2024-09-19T09:30:00-04:00,2024-09-19T16:00:00-04:00
2024-09-20,2024-09-20T09:30:00-04:00,2024-09-20T16:00:00-04:00
2024-09-23,2024-09-23T09:30:00-04:00,2024-09-23T16:00:00-04:00
2024-09-24,2024-09-24T09:30:00-04:00,2024-09-24T16:00:00-04:00
2024-09-25,2024-09-25T09:30:00-04:00,2024-09-25T16:00:00-04:00
2024-09-26,2024-09-26T09:30:00-04:00,2024-09-26T16:00:00-04:00
2024-09-27,2024-09-27T09:30:00-04:00,2024-09-27T16:00:00-04:00
2024-09-30,2024-09-30T09:30:00-04:00,2024-09-30T16:00:00-04:00
2024-10-01,2024-10-01T09:30:00-04:00,2024-10-01T16:00:00-04:00
2024-10-02,2024-10-02T09:30:00-04:00,2024-10-02T16:00:00-04:00
2024-10-03,2024-10-03T09:30:00-04:00,2024-10-03T16:00:00-04:00
2024-10-04,2024-10-04T09:30:00-04:00,2024-10-04T16:00:00-04:00
2024-10-07,2024-10-07T09:30:00-04:00,2024-10-07T16:00:00-04:00
2024-10-08,2024-10-08T09:30:00-04:00,2024-10-08T16:00:00-04:00
2024-10-09,2024-10-09T09:30:00-04:00,2024-10-09T16:00:00-04:00
2024-10-10,2024-10-10T09:30:00-04:00,2024-10-10T16:00:00-04:00
2024-10-11,2024-10-11T09:30:00-04:00,2024-10-11T16:00:00-04:00
2024-10-14,2024-10-14T09:30:00-04:00,2024-10-14T16:00:00-04:00
2024-10-15,2024-10-15T09:30:00-04:00,2024-10-15T16:00:00-04:00
2024-10-16,2024-10-16T09:30:00-04:00,2024-10-16T16:00:00-04:00
2024-10-17,2024-10-17T09:30:00-04:00,2024-10-17T16:00:00-04:00
2024-10-18,2024-10-18T09:30:00-04:00,2024-10-18T16:00:00-04:00
2024-10-21,2024-10-21T09:30:00-04:00,2024-10-21T16:00:00-04:00
2024-10-22,2024-10-22T09:30:00-04:00,2024-10-22T16:00:00-04:00
2024-10-23,2024-10-23T09:30:00-04:00,2024-10-23T16:00:00-04:00
2024-10-24,2024-10-24T09:30:00-04:00,2024-10-24T16:00:00-04:00
2024-10-25,2024-10-25T09:30:00-04:00,2024-10-25T16:00:00-04:00
2024-10-28,2024-10-28T09:30:00-04:00,2024-10-28T16:00:00-04:00
2024-10-29,2024-10-29T09:30:00-04:00,2024-10-29T16:00:00-04:00
2024-10-30,2024-10-30T09:30:00-04:00,2024-10-30T16:00:00-04:00
2024-10-31,2024-10-31T09:30:00-04:00,2024-10-31T16:00:00-04:00
2024-11-01,2024-11-01T09:30:00-04:00,2024-11-01T16:00:00-04:00
2024-11-04,2024-11-04T09:30:00-05:00,2024-11-04T16:00:00-05:00
2024-11-05,2024-11-05T09:30:00-05:00,2024-11-05T16:00:00-05:00
2024-11-06,2024-11-06T09:30:00-05:00,2024-11-06T16:00:00-05:00
2024-11-07,2024-11-07T09:30:00-05:00,2024-11-07T16:00:00-05:00
2024-11-08,2024-11-08T09:30:00-05:00,2024-11-08T16:00:00-05:00
2024-11-11,2024-11-11T09:30:00-05:00,2024-11-11T16:00:00-05:00
2024-11-12,2024-11-12T09:30:00-05:00,2024-11-12T16:00:00-05:00
2024-11-13,2024-11-13T09:30:00-05:00,2024-11-13T16:00:00-05:00
2024-11-14,2024-11-14T09:30:00-05:00,2024-11-14T16:00:00-05:00
2024-11-15,2024-11-15T09:30:00-05:00,2024-11-15T16:00:00-05:00
2024-11-18,2024-11-18T09:30:00-05:00,2024-11-18T16:00:00-05:00
2024-11-19,2024-11-19T09:30:00-05:00,2024-11-19T16:00:00-05:00
2024-11-20,2024-11-20T09:30:00-05:00,2024-11-20T16:00:00-05:00
2024-11-21,2024-11-21T09:30:00-05:00,2024-11-21T16:00:00-05:00
2024-11-22,2024-11-22T09:30:00-05:00,2024-11-22T16:00:00-05:00
2024-11-25,2024-11-25T09:30:00-05:00,2024-11-25T16:00:00-05:00
2024-11-26,2024-11-26T09:30:00-05:00,2024-11-26T16:00:00-05:00
2024-11-27,2024-11-27T09:30:00-05:00,2024-11-27T16:00:00-05:00
2024-11-29,2024-11-29T09:30:00-05:00,2024-11-29T13:00:00-05:00
2024-12-02,2024-12-02T09:30:00-05:00,2024-12-02T16:00:00-05:00
2024-12-03,2024-12-03T09:30:00-05:00,2024-12-03T16:00:00-05:00
2024-12-04,2024-12-04T09:30:00-05:00,2024-12-04T16:00:00-05:00
2024-12-05,2024-12-05T09:30:00-05:00,2024-12-05T16:00:00-05:00
2024-12-06,2024-12-06T09:30:00-05:00,2024-12-06T16:00:00-05:00
2024-12-09,2024-12-09T09:30:00-05:00,2024-12-09T16:00:00-05:00
2024-12-10,2024-12-10T09:30:00-05:00,2024-12-10T16:00:00-05:00
2024-12-11,2024-12-11T09:30:00-05:00,2024-12-11T16:00:00-05:00
2024-12-12,2024-12-12T09:30:00-05:00,2024-12-12T16:00:00-05:00
2024-12-13,2024-12-13T09:30:00-05:00,2024-12-13T16:00:00-05:00
2024-12-16,2024-12-16T09:30:00-05:00,2024-12-16T16:00:00-05:00
2024-12-17,2024-12-17T09:30:00-05:00,2024-12-17T16:00:00-05:00
2024-12-18,2024-12-18T09:30:00-05:00,2024-12-18T16:00:00-05:00
2024-12-19,2024-12-19T09:30:00-05:00,2024-12-19T16:00:00-05:00
2024-12-20,2024-12-20T09:30:00-05:00,2024-12-20T16:00:00-05:00
2024-12-23,2024-12-23T09:30:00-05:00,2024-12-23T16:00:00-05:00
2024-12-24,2024-12-24T09:30:00-05:00,2024-12-24T13:00:00-05:00
2024-12-26,2024-12-26T09:30:00-05:00,2024-12-26T16:00:00-05:00
2024-12-27,2024-12-27T09:30:00-05:00,2024-12-27T16:00:00-05:00
2024-12-30,2024-12-30T09:30:00-05:00,2024-12-30T16:00:00-05:00
2024-12-31,2024-12-31T09:30:00-05:00,2024-12-31T16:00:00-05:00
2025-01-02,2025-01-02T09:30:00-05:00,2025-01-02T16:00:00-05:00
2025-01-03,2025-01-03T09:30:00-05:00,2025-01-03T16:00:00-05:00
2025-01-06,2025-01-06T09:30:00-05:00,2025-01-06T16:00:00-05:00
2025-01-07,2025-01-07T09:30:00-05:00,2025-01-07T16:00:00-05:00
2025-01-08,2025-01-08T09:30:00-05:00,2025-01-08T16:00:00-05:00
2025-01-10,2025-01-10T09:30:00-05:00,2025-01-10T16:00:00-05:00
2025-01-13,2025-01-13T09:30:00-05:00,2025-01-13T16:00:00-05:00
2025-01-14,2025-01-14T09:30:00-05:00,2025-01-14T16:00:00-05:00
2025-01-15,2025-01-15T09:30:00-05:00,2025-01-15T16:00:00-05:00
2025-01-16,2025-01-16T09:30:00-05:00,2025-01-16T16:00:00-05:00
2025-01-17,2025-01-17T09:30:00-05:00,2025-01-17T16:00:00-05:00
2025-01-21,2025-01-21T09:30:00-05:00,2025-01-21T16:00:00-05:00
2025-01-22,2025-01-22T09:30:00-05:00,2025-01-22T16:00:00-05:00
2025-01-23,2025-01-23T09:30:00-05:00,2025-01-23T16:00:00-05:00
2025-01-24,2025-01-24T09:30:00-05:00,2025-01-24T16:00:00-05:00
2025-01-27,2025-01-27T09:30:00-05:00,2025-01-27T16:00:00-05:00
2025-01-28,2025-01-28T09:30:00-05:00,2025-01-28T16:00:00-05:00
2025-01-29,2025-01-29T09:30:00-05:00,2025-01-29T16:00:00-05:00
2025-01-30,2025-01-30T09:30:00-05:00,2025-01-30T16:00:00-05:00
2025-01-31,2025-01-31T09:30:00-05:00,2025-01-31T16:00:00-05:00
2025-02-03,2025-02-03T09:30:00-05:00,2025-02-03T16:00:00-05:00
2025-02-04,2025-02-04T09:30:00-05:00,2025-02-04T16:00:00-05:00
2025-02-05,2025-02-05T09:30:00-05:00,2025-02-05T16:00:00-05:00
2025-02-06,2025-02-06T09:30:00-05:00,2025-02-06T16:00:00-05:00
2025-02-07,2025-02-07T09:30:00-05:00,2025-02-07T16:00:00-05:00
2025-02-10,2025-02-10T09:30:00-05:00,2025-02-10T16:00:00-05:00
2025-02-11,2025-02-11T09:30:00-05:00,2025-02-11T16:00:00-05:00
2025-02-12,2025-02-12T09:30:00-05:00,2025-02-12T16:00:00-05:00
2025-02-13,2025-02-13T09:30:00-05:00,2025-02-13T16:00:00-05:00
2025-02-14,2025-02-14T09:30:00-05:00,2025-02-14T16:00:00-05:00
2025-02-18,2025-02-18T09:30:00-05:00,2025-02-18T16:00:00-05:00
2025-02-19,2025-02-19T09:30:00-05:00,2025-02-19T16:00:00-05:00
2025-02-20,2025-02-20T09:30:00-05:00,2025-02-20T16:00:00-05:00
2025-02-21,2025-02-21T09:30:00-05:00,2025-02-21T16:00:00-05:00
2025-02-24,2025-02-24T09:30:00-05:00,2025-02-24T16:00:00-05:00
2025-02-25,2025-02-25T09:30:00-05:00,2025-02-25T16:00:00-05:00
2025-02-26,2025-02-26T09:30:00-05:00,2025-02-26T16:00:00-05:00
2025-02-27,2025-02-27T09:30:00-05:00,2025-02-27T16:00:00-05:00
2025-02-28,2025-02-28T09:30:00-05:00,2025-02-28T16:00:00-05:00
2025-03-03,2025-03-03T09:30:00-05:00,2025-03-03T16:00:00-05:00
2025-03-04,2025-03-04T09:30:00-05:00,2025-03-04T16:00:00-05:00
2025-03-05,2025-03-05T09:30:00-05:00,2025-03-05T16:00:00-05:00
2025-03-06,2025-03-06T09:30:00-05:00,2025-03-06T16:00:00-05:00
2025-03-07,2025-03-07T09:30:00-05:00,2025-03-07T16:00:00-05:00
2025-03-10,2025-03-10T09:30:00-04:00,2025-03-10T16:00:00-04:00
2025-03-11,2025-03-11T09:30:00-04:00,2025-03-11T16:00:00-04:00
2025-03-12,2025-03-12T09:30:00-04:00,2025-03-12T16:00:00-04:00
2025-03-13,2025-03-13T09:30:00-04:00,2025-03-13T16:00:00-04:00
2025-03-14,2025-03-14T09:30:00-04:00,2025-03-14T16:00:00-04:00
2025-03-17,2025-03-17T09:30:00-04:00,2025-03-17T16:00:00-04:00
2025-03-18,2025-03-18T09:30:00-04:00,2025-03-18T16:00:00-04:00
2025-03-19,2025-03-19T09:30:00-04:00,2025-03-19T16:00:00-04:00
2025-03-20,2025-03-20T09:30:00-04:00,2025-03-20T16:00:00-04:00
2025-03-21,2025-03-21T09:30:00-04:00,2025-03-21T16:00:00-04:00
2025-03-24,2025-03-24T09:30:00-04:00,2025-03-24T16:00:00-04:00
2025-03-25,2025-03-25T09:30:00-04:00,2025-03-25T16:00:00-04:00
2025-03-26,2025-03-26T09:30:00-04:00,2025-03-26T16:00:00-04:00
2025-03-27,2025-03-27T09:30:00-04:00,2025-03-27T16:00:00-04:00
2025-03-28,2025-03-28T09:30:00-04:00,2025-03-28T16:00:00-04:00
2025-03-31,2025-03-31T09:30:00-04:00,2025-03-31T16:00:00-04:00
2025-04-01,2025-04-01T09:30:00-04:00,2025-04-01T16:00:00-04:00
2025-04-02,2025-04-02T09:30:00-04:00,2025-04-02T16:00:00-04:00
2025-04-03,2025-04-03T09:30:00-04:00,2025-04-03T16:00:00-04:00
2025-04-04,2025-04-04T09:30:00-04:00,2025-04-04T16:00:00-04:00
2025-04-07,2025-04-07T09:30:00-04:00,2025-04-07T16:00:00-04:00
2025-04-08,2025-04-08T09:30:00-04:00,2025-04-08T16:00:00-04:00
2025-04-09,2025-04-09T09:30:00-04:00,2025-04-09T16:00:00-04:00
2025-04-10,2025-04-10T09:30:00-04:00,2025-04-10T16:00:00-04:00
2025-04-11,2025-04-11T09:30:00-04:00,2025-04-11T16:00:00-04:00
2025-04-14,2025-04-14T09:30:00-04:00,2025-04-14T16:00:00-04:00
2025-04-15,2025-04-15T09:30:00-04:00,2025-04-15T16:00:00-04:00
2025-04-16,2025-04-16T09:30:00-04:00,2025-04-16T16:00:00-04:00
2025-04-17,2025-04-17T09:30:00-04:00,2025-04-17T16:00:00-04:00
2025-04-21,2025-04-21T09:30:00-04:00,2025-04-21T16:00:00-04:00
2025-04-22,2025-04-22T09:30:00-04:00,2025-04-22T16:00:00-04:00
2025-04-23,2025-04-23T09:30:00-04:00,2025-04-23T16:00:00-04:00
2025-04-24,2025-04-24T09:30:00-04:00,2025-04-24T16:00:00-04:00
2025-04-25,2025-04-25T09:30:00-04:00,2025-04-25T16:00:00-04:00
2025-04-28,2025-04-28T09:30:00-04:00,2025-04-28T16:00:00-04:00
2025-04-29,2025-04-29T09:30:00-04:00,2025-04-29T16:00:00-04:00
2025-04-30,2025-04-30T09:30:00-04:00,2025-04-30T16:00:00-04:00
2025-05-01,2025-05-01T09:30:00-04:00,2025-05-01T16:00:00-04:00
2025-05-02,2025-05-02T09:30:00-04:00,2025-05-02T16:00:00-04:00
2025-05-05,2025-05-05T09:30:00-04:00,2025-05-05T16:00:00-04:00
2025-05-06,2025-05-06T09:30:00-04:00,2025-05-06T16:00:00-04:00
2025-05-07,2025-05-07T09:30:00-04:00,2025-05-07T16:00:00-04:00
2025-05-08,2025-05-08T09:30:00-04:00,2025-05-08T16:00:00-04:00
2025-05-09,2025-05-09T09:30:00-04:00,2025-05-09T16:00:00-04:00
2025-05-12,2025-05-12T09:30:00-04:00,2025-05-12T16:00:00-04:00
2025-05-13,2025-05-13T09:30:00-04:00,2025-05-13T16:00:00-04:00
2025-05-14,2025-05-14T09:30:00-04:00,2025-05-14T16:00:00-04:00
2025-05-15,2025-05-15T09:30:00-04:00,2025-05-15T16:00:00-04:00
2025-05-16,2025-05-16T09:30:00-04:00,2025-05-16T16:00:00-04:00
2025-05-19,2025-05-19T09:30:00-04:00,2025-05-19T16:00:00-04:00
2025-05-20,2025-05-20T09:30:00-04:00,2025-05-20T16:00:00-04:00
2025-05-21,2025-05-21T09:30:00-04:00,2025-05-21T16:00:00-04:00
2025-05-22,2025-05-22T09:30:00-04:00,2025-05-22T16:00:00-04:00
2025-05-23,2025-05-23T09:30:00-04:00,2025-05-23T16:00:00-04:00
2025-05-27,2025-05-27T09:30:00-04:00,2025-05-27T16:00:00-04:00
2025-05-28,2025-05-28T09:30:00-04:00,2025-05-28T16:00:00-04:00
2025-05-29,2025-05-29T09:30:00-04:00,2025-05-29T16:00:00-04:00
2025-05-30,2025-05-30T09:30:00-04:00,2025-05-30T16:00:00-04:00
2025-06-02,2025-06-02T09:30:00-04:00,2025-06-02T16:00:00-04:00
2025-06-03,2025-06-03T09:30:00-04:00,2025-06-03T16:00:00-04:00
2025-06-04,2025-06-04T09:30:00-04:00,2025-06-04T16:00:00-04:00
2025-06-05,2025-06-05T09:30:00-04:00,2025-06-05T16:00:00-04:00
2025-06-06,2025-06-06T09:30:00-04:00,2025-06-06T16:00:00-04:00
2025-06-09,2025-06-09T09:30:00-04:00,2025-06-09T16:00:00-04:00
2025-06-10,2025-06-10T09:30:00-04:00,2025-06-10T16:00:00-04:00
2025-06-11,2025-06-11T09:30:00-04:00,2025-06-11T16:00:00-04:00
2025-06-12,2025-06-12T09:30:00-04:00,2025-06-12T16:00:00-04:00
2025-06-13,2025-06-13T09:30:00-04:00,2025-06-13T16:00:00-04:00
2025-06-16,2025-06-16T09:30:00-04:00,2025-06-16T16:00:00-04:00
2025-06-17,2025-06-17T09:30:00-04:00,2025-06-17T16:00:00-04:00
2025-06-18,2025-06-18T09:30:00-04:00,2025-06-18T16:00:00-04:00
2025-06-20,2025-06-20T09:30:00-04:00,2025-06-20T16:00:00-04:00
2025-06-23,2025-06-23T09:30:00-04:00,2025-06-23T16:00:00-04:00
2025-06-24,2025-06-24T09:30:00-04:00,2025-06-24T16:00:00-04:00
2025-06-25,2025-06-25T09:30:00-04:00,2025-06-25T16:00:00-04:00
2025-06-26,2025-06-26T09:30:00-04:00,2025-06-26T16:00:00-04:00
2025-06-27,2025-06-27T09:30:00-04:00,2025-06-27T16:00:00-04:00
2025-06-30,2025-06-30T09:30:00-04:00,2025-06-30T16:00:00-04:00
2025-07-01,2025-07-01T09:30:00-04:00,2025-07-01T16:00:00-04:00
2025-07-02,2025-07-02T09:30:00-04:00,2025-07-02T16:00:00-04:00
2025-07-03,2025-07-03T09:30:00-04:00,2025-07-03T13:00:00-04:00
2025-07-07,2025-07-07T09:30:00-04:00,2025-07-07T16:00:00-04:00
2025-07-08,2025-07-08T09:30:00-04:00,2025-07-08T16:00:00-04:00
2025-07-09,2025-07-09T09:30:00-04:00,2025-07-09T16:00:00-04:00
2025-07-10,2025-07-10T09:30:00-04:00,2025-07-10T16:00:00-04:00
2025-07-11,2025-07-11T09:30:00-04:00,2025-07-11T16:00:00-04:00
2025-07-14,2025-07-14T09:30:00-04:00,2025-07-14T16:00:00-04:00
2025-07-15,2025-07-15T09:30:00-04:00,2025-07-15T16:00:00-04:00
2025-07-16,2025-07-16T09:30:00-04:00,2025-07-16T16:00:00-04:00
2025-07-17,2025-07-17T09:30:00-04:00,2025-07-17T16:00:00-04:00
2025-07-18,2025-07-18T09:30:00-04:00,2025-07-18T16:00:00-04:00
2025-07-21,2025-07-21T09:30:00-04:00,2025-07-21T16:00:00-04:00
2025-07-22,2025-07-22T09:30:00-04:00,2025-07-22T16:00:00-04:00
2025-07-23,2025-07-23T09:30:00-04:00,2025-07-23T16:00:00-04:00
2025-07-24,2025-07-24T09:30:00-04:00,2025-07-24T16:00:00-04:00
2025-07-25,2025-07-25T09:30:00-04:00,2025-07-25T16:00:00-04:00
2025-07-28,2025-07-28T09:30:00-04:00,2025-07-28T16:00:00-04:00
2025-07-29,2025-07-29T09:30:00-04:00,2025-07-29T16:00:00-04:00
2025-07-30,2025-07-30T09:30:00-04:00,2025-07-30T16:00:00-04:00
2025-07-31,2025-07-31T09:30:00-04:00,2025-07-31T16:00:00-04:00
2025-08-01,2025-08-01T09:30:00-04:00,2025-08-01T16:00:00-04:00
2025-08-04,2025-08-04T09:30:00-04:00,2025-08-04T16:00:00-04:00
2025-08-05,2025-08-05T09:30:00-04:00,2025-08-05T16:00:00-04:00
2025-08-06,2025-08-06T09:30:00-04:00,2025-08-06T16:00:00-04:00
2025-08-07,2025-08-07T09:30:00-04:00,2025-08-07T16:00:00-04:00
2025-08-08,2025-08-08T09:30:00-04:00,2025-08-08T16:00:00-04:00
2025-08-11,2025-08-11T09:30:00-04:00,2025-08-11T16:00:00-04:00
2025-08-12,2025-08-12T09:30:00-04:00,2025-08-12T16:00:00-04:00
2025-08-13,2025-08-13T09:30:00-04:00,2025-08-13T16:00:00-04:00
2025-08-14,2025-08-14T09:30:00-04:00,2025-08-14T16:00:00-04:00
2025-08-15,2025-08-15T09:30:00-04:00,2025-08-15T16:00:00-04:00
2025-08-18,2025-08-18T09:30:00-04:00,2025-08-18T16:00:00-04:00
2025-08-19,2025-08-19T09:30:00-04:00,2025-08-19T16:00:00-04:00
2025-08-20,2025-08-20T09:30:00-04:00,2025-08-20T16:00:00-04:00
2025-08-21,2025-08-21T09:30:00-04:00,2025-08-21T16:00:00-04:00
2025-08-22,2025-08-22T09:30:00-04:00,2025-08-22T16:00:00-04:00
2025-08-25,2025-08-25T09:30:00-04:00,2025-08-25T16:00:00-04:00
2025-08-26,2025-08-26T09:30:00-04:00,2025-08-26T16:00:00-04:00
2025-08-27,2025-08-27T09:30:00-04:00,2025-08-27T16:00:00-04:00
2025-08-28,2025-08-28T09:30:00-04:00,2025-08-28T16:00:00-04:00
2025-08-29,2025-08-29T09:30:00-04:00,2025-08-29T16:00:00-04:00
2025-09-02,2025-09-02T09:30:00-04:00,2025-09-02T16:00:00-04:00
2025-09-03,2025-09-03T09:30:00-04:00,2025-09-03T16:00:00-04:00
2025-09-04,2025-09-04T09:30:00-04:00,2025-09-04T16:00:00-04:00
2025-09-05,2025-09-05T09:30:00-04:00,2025-09-05T16:00:00-04:00
2025-09-08,2025-09-08T09:30:00-04:00,2025-09-08T16:00:00-04:00
2025-09-09,2025-09-09T09:30:00-04:00,2025-09-09T16:00:00-04:00
2025-09-10,2025-09-10T09:30:00-04:00,2025-09-10T16:00:00-04:00
2025-09-11,2025-09-11T09:30:00-04:00,2025-09-11T16:00:00-04:00
2025-09-12,2025-09-12T09:30:00-04:00,2025-09-12T16:00:00-04:00
2025-09-15,2025-09-15T09:30:00-04:00,2025-09-15T16:00:00-04:00
2025-09-16,2025-09-16T09:30:00-04:00,2025-09-16T16:00:00-04:00
2025-09-17,2025-09-17T09:30:00-04:00,2025-09-17T16:00:00-04:00
2025-09-18,2025-09-18T09:30:00-04:00,2025-09-18T16:00:00-04:00
2025-09-19,2025-09-19T09:30:00-04:00,2025-09-19T16:00:00-04:00
2025-09-22,2025-09-22T09:30:00-04:00,2025-09-22T16:00:00-04:00
2025-09-23,2025-09-23T09:30:00-04:00,2025-09-23T16:00:00-04:00
2025-09-24,2025-09-24T09:30:00-04:00,2025-09-24T16:00:00-04:00
2025-09-25,2025-09-25T09:30:00-04:00,2025-09-25T16:00:00-04:00
2025-09-26,2025-09-26T09:30:00-04:00,2025-09-26T16:00:00-04:00
2025-09-29,2025-09-29T09:30:00-04:00,2025-09-29T16:00:00-04:00
2025-09-30,2025-09-30T09:30:00-04:00,2025-09-30T16:00:00-04:00
2025-10-01,2025-10-01T09:30:00-04:00,2025-10-01T16:00:00-04:00
2025-10-02,2025-10-02T09:30:00-04:00,2025-10-02T16:00:00-04:00
2025-10-03,2025-10-03T09:30:00-04:00,2025-10-03T16:00:00-04:00
2025-10-06,2025-10-06T09:30:00-04:00,2025-10-06T16:00:00-04:00
2025-10-07,2025-10-07T09:30:00-04:00,2025-10-07T16:00:00-04:00
2025-10-08,2025-10-08T09:30:00-04:00,2025-10-08T16:00:00-04:00
2025-10-09,2025-10-09T09:30:00-04:00,2025-10-09T16:00:00-04:00
2025-10-10,2025-10-10T09:30:00-04:00,2025-10-10T16:00:00-04:00
2025-10-13,2025-10-13T09:30:00-04:00,2025-10-13T16:00:00-04:00
2025-10-14,2025-10-14T09:30:00-04:00,2025-10-14T16:00:00-04:00
2025-10-15,2025-10-15T09:30:00-04:00,2025-10-15T16:00:00-04:00
2025-10-16,2025-10-16T09:30:00-04:00,2025-10-16T16:00:00-04:00
2025-10-17,2025-10-17T09:30:00-04:00,2025-10-17T16:00:00-04:00
2025-10-20,2025-10-20T09:30:00-04:00,2025-10-20T16:00:00-04:00
2025-10-21,2025-10-21T09:30:00-04:00,2025-10-21T16:00:00-04:00
2025-10-22,2025-10-22T09:30:00-04:00,2025-10-22T16:00:00-04:00
2025-10-23,2025-10-23T09:30:00-04:00,2025-10-23T16:00:00-04:00
2025-10-24,2025-10-24T09:30:00-04:00,2025-10-24T16:00:00-04:00
2025-10-27,2025-10-27T09:30:00-04:00,2025-10-27T16:00:00-04:00
2025-10-28,2025-10-28T09:30:00-04:00,2025-10-28T16:00:00-04:00
2025-10-29,2025-10-29T09:30:00-04:00,2025-10-29T16:00:00-04:00
2025-10-30,2025-10-30T09:30:00-04:00,2025-10-30T16:00:00-04:00
2025-10-31,2025-10-31T09:30:00-04:00,2025-10-31T16:00:00-04:00
2025-11-03,2025-11-03T09:30:00-05:00,2025-11-03T16:00:00-05:00
2025-11-04,2025-11-04T09:30:00-05:00,2025-11-04T16:00:00-05:00
2025-11-05,2025-11-05T09:30:00-05:00,2025-11-05T16:00:00-05:00
2025-11-06,2025-11-06T09:30:00-05:00,2025-11-06T16:00:00-05:00
2025-11-07,2025-11-07T09:30:00-05:00,2025-11-07T16:00:00-05:00
2025-11-10,2025-11-10T09:30:00-05:00,2025-11-10T16:00:00-05:00
2025-11-11,2025-11-11T09:30:00-05:00,2025-11-11T16:00:00-05:00
2025-11-12,2025-11-12T09:30:00-05:00,2025-11-12T16:00:00-05:00
2025-11-13,2025-11-13T09:30:00-05:00,2025-11-13T16:00:00-05:00
2025-11-14,2025-11-14T09:30:00-05:00,2025-11-14T16:00:00-05:00
2025-11-17,2025-11-17T09:30:00-05:00,2025-11-17T16:00:00-05:00
2025-11-18,2025-11-18T09:30:00-05:00,2025-11-18T16:00:00-05:00
2025-11-19,2025-11-19T09:30:00-05:00,2025-11-19T16:00:00-05:00
2025-11-20,2025-11-20T09:30:00-05:00,2025-11-20T16:00:00-05:00
2025-11-21,2025-11-21T09:30:00-05:00,2025-11-21T16:00:00-05:00
2025-11-24,2025-11-24T09:30:00-05:00,2025-11-24T16:00:00-05:00
2025-11-25,2025-11-25T09:30:00-05:00,2025-11-25T16:00:00-05:00
2025-11-26,2025-11-26T09:30:00-05:00,2025-11-26T16:00:00-05:00
2025-11-28,2025-11-28T09:30:00-05:00,2025-11-28T13:00:00-05:00
2025-12-01,2025-12-01T09:30:00-05:00,2025-12-01T16:00:00-05:00
2025-12-02,2025-12-02T09:30:00-05:00,2025-12-02T16:00:00-05:00
2025-12-03,2025-12-03T09:30:00-05:00,2025-12-03T16:00:00-05:00
2025-12-04,2025-12-04T09:30:00-05:00,2025-12-04T16:00:00-05:00
2025-12-05,2025-12-05T09:30:00-05:00,2025-12-05T16:00:00-05:00
2025-12-08,2025-12-08T09:30:00-05:00,2025-12-08T16:00:00-05:00
2025-12-09,2025-12-09T09:30:00-05:00,2025-12-09T16:00:00-05:00
2025-12-10,2025-12-10T09:30:00-05:00,2025-12-10T16:00:00-05:00
2025-12-11,2025-12-11T09:30:00-05:00,2025-12-11T16:00:00-05:00
2025-12-12,2025-12-12T09:30:00-05:00,2025-12-12T16:00:00-05:00
2025-12-15,2025-12-15T09:30:00-05:00,2025-12-15T16:00:00-05:00
2025-12-16,2025-12-16T09:30:00-05:00,2025-12-16T16:00:00-05:00
2025-12-17,2025-12-17T09:30:00-05:00,2025-12-17T16:00:00-05:00
2025-12-18,2025-12-18T09:30:00-05:00,2025-12-18T16:00:00-05:00
2025-12-19,2025-12-19T09:30:00-05:00,2025-12-19T16:00:00-05:00
2025-12-22,2025-12-22T09:30:00-05:00,2025-12-22T16:00:00-05:00
2025-12-23,2025-12-23T09:30:00-05:00,2025-12-23T16:00:00-05:00
2025-12-24,2025-12-24T09:30:00-05:00,2025-12-24T13:00:00-05:00
2025-12-26,2025-12-26T09:30:00-05:00,2025-12-26T16:00:00-05:00
2025-12-29,2025-12-29T09:30:00-05:00,2025-12-29T16:00:00-05:00
2025-12-30,2025-12-30T09:30:00-05:00,2025-12-30T16:00:00-05:00
2025-12-31,2025-12-31T09:30:00-05:00,2025-12-31T16:00:00-05:00
2026-01-02,2026-01-02T09:30:00-05:00,2026-01-02T16:00:00-05:00
2026-01-05,2026-01-05T09:30:00-05:00,2026-01-05T16:00:00-05:00
2026-01-06,2026-01-06T09:30:00-05:00,2026-01-06T16:00:00-05:00
2026-01-07,2026-01-07T09:30:00-05:00,2026-01-07T16:00:00-05:00
2026-01-08,2026-01-08T09:30:00-05:00,2026-01-08T16:00:00-05:00
2026-01-09,2026-01-09T09:30:00-05:00,2026-01-09T16:00:00-05:00
2026-01-12,2026-01-12T09:30:00-05:00,2026-01-12T16:00:00-05:00
2026-01-13,2026-01-13T09:30:00-05:00,2026-01-13T16:00:00-05:00
2026-01-14,2026-01-14T09:30:00-05:00,2026-01-14T16:00:00-05:00
2026-01-15,2026-01-15T09:30:00-05:00,2026-01-15T16:00:00-05:00
2026-01-16,2026-01-16T09:30:00-05:00,2026-01-16T16:00:00-05:00
2026-01-20,2026-01-20T09:30:00-05:00,2026-01-20T16:00:00-05:00
2026-01-21,2026-01-21T09:30:00-05:00,2026-01-21T16:00:00-05:00
2026-01-22,2026-01-22T09:30:00-05:00,2026-01-22T16:00:00-05:00
2026-01-23,2026-01-23T09:30:00-05:00,2026-01-23T16:00:00-05:00
2026-01-26,2026-01-26T09:30:00-05:00,2026-01-26T16:00:00-05:00
2026-01-27,2026-01-27T09:30:00-05:00,2026-01-27T16:00:00-05:00
2026-01-28,2026-01-28T09:30:00-05:00,2026-01-28T16:00:00-05:00
2026-01-29,2026-01-29T09:30:00-05:00,2026-01-29T16:00:00-05:00
2026-01-30,2026-01-30T09:30:00-05:00,2026-01-30T16:00:00-05:00
2026-02-02,2026-02-02T09:30:00-05:00,2026-02-02T16:00:00-05:00
2026-02-03,2026-02-03T09:30:00-05:00,2026-02-03T16:00:00-05:00
2026-02-04,2026-02-04T09:30:00-05:00,2026-02-04T16:00:00-05:00
2026-02-05,2026-02-05T09:30:00-05:00,2026-02-05T16:00:00-05:00
2026-02-06,2026-02-06T09:30:00-05:00,2026-02-06T16:00:00-05:00
2026-02-09,2026-02-09T09:30:00-05:00,2026-02-09T16:00:00-05:00
2026-02-10,2026-02-10T09:30:00-05:00,2026-02-10T16:00:00-05:00
2026-02-11,2026-02-11T09:30:00-05:00,2026-02-11T16:00:00-05:00
2026-02-12,2026-02-12T09:30:00-05:00,2026-02-12T16:00:00-05:00
2026-02-13,2026-02-13T09:30:00-05:00,2026-02-13T16:00:00-05:00
2026-02-17,2026-02-17T09:30:00-05:00,2026-02-17T16:00:00-05:00
2026-02-18,2026-02-18T09:30:00-05:00,2026-02-18T16:00:00-05:00
2026-02-19,2026-02-19T09:30:00-05:00,2026-02-19T16:00:00-05:00
2026-02-20,2026-02-20T09:30:00-05:00,2026-02-20T16:00:00-05:00
2026-02-23,2026-02-23T09:30:00-05:00,2026-02-23T16:00:00-05:00
2026-02-24,2026-02-24T09:30:00-05:00,2026-02-24T16:00:00-05:00
2026-02-25,2026-02-25T09:30:00-05:00,2026-02-25T16:00:00-05:00
2026-02-26,2026-02-26T09:30:00-05:00,2026-02-26T16:00:00-05:00
2026-02-27,2026-02-27T09:30:00-05:00,2026-02-27T16:00:00-05:00
2026-03-02,2026-03-02T09:30:00-05:00,2026-03-02T16:00:00-05:00
2026-03-03,2026-03-03T09:30:00-05:00,2026-03-03T16:00:00-05:00
2026-03-04,2026-03-04T09:30:00-05:00,2026-03-04T16:00:00-05:00
2026-03-05,2026-03-05T09:30:00-05:00,2026-03-05T16:00:00-05:00
2026-03-06,2026-03-06T09:30:00-05:00,2026-03-06T16:00:00-05:00
2026-03-09,2026-03-09T09:30:00-04:00,2026-03-09T16:00:00-04:00
2026-03-10,2026-03-10T09:30:00-04:00,2026-03-10T16:00:00-04:00
2026-03-11,2026-03-11T09:30:00-04:00,2026-03-11T16:00:00-04:00
2026-03-12,2026-03-12T09:30:00-04:00,2026-03-12T16:00:00-04:00
2026-03-13,2026-03-13T09:30:00-04:00,2026-03-13T16:00:00-04:00
2026-03-16,2026-03-16T09:30:00-04:00,2026-03-16T16:00:00-04:00
2026-03-17,2026-03-17T09:30:00-04:00,2026-03-17T16:00:00-04:00
2026-03-18,2026-03-18T09:30:00-04:00,2026-03-18T16:00:00-04:00
2026-03-19,2026-03-19T09:30:00-04:00,2026-03-19T16:00:00-04:00
2026-03-20,2026-03-20T09:30:00-04:00,2026-03-20T16:00:00-04:00
2026-03-23,2026-03-23T09:30:00-04:00,2026-03-23T16:00:00-04:00
2026-03-24,2026-03-24T09:30:00-04:00,2026-03-24T16:00:00-04:00
2026-03-25,2026-03-25T09:30:00-04:00,2026-03-25T16:00:00-04:00
2026-03-26,2026-03-26T09:30:00-04:00,2026-03-26T16:00:00-04:00
2026-03-27,2026-03-27T09:30:00-04:00,2026-03-27T16:00:00-04:00
2026-03-30,2026-03-30T09:30:00-04:00,2026-03-30T16:00:00-04:00
2026-03-31,2026-03-31T09:30:00-04:00,2026-03-31T16:00:00-04:00
2026-04-01,2026-04-01T09:30:00-04:00,2026-04-01T16:00:00-04:00
2026-04-02,2026-04-02T09:30:00-04:00,2026-04-02T16:00:00-04:00
2026-04-06,2026-04-06T09:30:00-04:00,2026-04-06T16:00:00-04:00
2026-04-07,2026-04-07T09:30:00-04:00,2026-04-07T16:00:00-04:00
2026-04-08,2026-04-08T09:30:00-04:00,2026-04-08T16:00:00-04:00
2026-04-09,2026-04-09T09:30:00-04:00,2026-04-09T16:00:00-04:00
2026-04-10,2026-04-10T09:30:00-04:00,2026-04-10T16:00:00-04:00
2026-04-13,2026-04-13T09:30:00-04:00,2026-04-13T16:00:00-04:00
2026-04-14,2026-04-14T09:30:00-04:00,2026-04-14T16:00:00-04:00
2026-04-15,2026-04-15T09:30:00-04:00,2026-04-15T16:00:00-04:00
2026-04-16,2026-04-16T09:30:00-04:00,2026-04-16T16:00:00-04:00
2026-04-17,2026-04-17T09:30:00-04:00,2026-04-17T16:00:00-04:00
2026-04-20,2026-04-20T09:30:00-04:00,2026-04-20T16:00:00-04:00
2026-04-21,2026-04-21T09:30:00-04:00,2026-04-21T16:00:00-04:00
2026-04-22,2026-04-22T09:30:00-04:00,2026-04-22T16:00:00-04:00
2026-04-23,2026-04-23T09:30:00-04:00,2026-04-23T16:00:00-04:00
2026-04-24,2026-04-24T09:30:00-04:00,2026-04-24T16:00:00-04:00
2026-04-27,2026-04-27T09:30:00-04:00,2026-04-27T16:00:00-04:00
2026-04-28,2026-04-28T09:30:00-04:00,2026-04-28T16:00:00-04:00
2026-04-29,2026-04-29T09:30:00-04:00,2026-04-29T16:00:00-04:00
2026-04-30,2026-04-30T09:30:00-04:00,2026-04-30T16:00:00-04:00
2026-05-01,2026-05-01T09:30:00-04:00,2026-05-01T16:00:00-04:00
2026-05-04,2026-05-04T09:30:00-04:00,2026-05-04T16:00:00-04:00
2026-05-05,2026-05-05T09:30:00-04:00,2026-05-05T16:00:00-04:00
2026-05-06,2026-05-06T09:30:00-04:00,2026-05-06T16:00:00-04:00
2026-05-07,2026-05-07T09:30:00-04:00,2026-05-07T16:00:00-04:00
2026-05-08,2026-05-08T09:30:00-04:00,2026-05-08T16:00:00-04:00
2026-05-11,2026-05-11T09:30:00-04:00,2026-05-11T16:00:00-04:00
2026-05-12,2026-05-12T09:30:00-04:00,2026-05-12T16:00:00-04:00
2026-05-13,2026-05-13T09:30:00-04:00,2026-05-13T16:00:00-04:00
2026-05-14,2026-05-14T09:30:00-04:00,2026-05-14T16:00:00-04:00
2026-05-15,2026-05-15T09:30:00-04:00,2026-05-15T16:00:00-04:00
2026-05-18,2026-05-18T09:30:00-04:00,2026-05-18T16:00:00-04:00
2026-05-19,2026-05-19T09:30:00-04:00,2026-05-19T16:00:00-04:00
2026-05-20,2026-05-20T09:30:00-04:00,2026-05-20T16:00:00-04:00
2026-05-21,2026-05-21T09:30:00-04:00,2026-05-21T16:00:00-04:00
2026-05-22,2026-05-22T09:30:00-04:00,2026-05-22T16:00:00-04:00
2026-05-26,2026-05-26T09:30:00-04:00,2026-05-26T16:00:00-04:00
2026-05-27,2026-05-27T09:30:00-04:00,2026-05-27T16:00:00-04:00
2026-05-28,2026-05-28T09:30:00-04:00,2026-05-28T16:00:00-04:00
2026-05-29,2026-05-29T09:30:00-04:00,2026-05-29T16:00:00-04:00
2026-06-01,2026-06-01T09:30:00-04:00,2026-06-01T16:00:00-04:00
2026-06-02,2026-06-02T09:30:00-04:00,2026-06-02T16:00:00-04:00
2026-06-03,2026-06-03T09:30:00-04:00,2026-06-03T16:00:00-04:00
2026-06-04,2026-06-04T09:30:00-04:00,2026-06-04T16:00:00-04:00
2026-06-05,2026-06-05T09:30:00-04:00,2026-06-05T16:00:00-04:00
2026-06-08,2026-06-08T09:30:00-04:00,2026-06-08T16:00:00-04:00
2026-06-09,2026-06-09T09:30:00-04:00,2026-06-09T16:00:00-04:00
2026-06-10,2026-06-10T09:30:00-04:00,2026-06-10T16:00:00-04:00
2026-06-11,2026-06-11T09:30:00-04:00,2026-06-11T16:00:00-04:00
2026-06-12,2026-06-12T09:30:00-04:00,2026-06-12T16:00:00-04:00
2026-06-15,2026-06-15T09:30:00-04:00,2026-06-15T16:00:00-04:00
2026-06-16,2026-06-16T09:30:00-04:00,2026-06-16T16:00:00-04:00
2026-06-17,2026-06-17T09:30:00-04:00,2026-06-17T16:00:00-04:00
2026-06-18,2026-06-18T09:30:00-04:00,2026-06-18T16:00:00-04:00
2026-06-22,2026-06-22T09:30:00-04:00,2026-06-22T16:00:00-04:00
2026-06-23,2026-06-23T09:30:00-04:00,2026-06-23T16:00:00-04:00
2026-06-24,2026-06-24T09:30:00-04:00,2026-06-24T16:00:00-04:00
2026-06-25,2026-06-25T09:30:00-04:00,2026-06-25T16:00:00-04:00
2026-06-26,2026-06-26T09:30:00-04:00,2026-06-26T16:00:00-04:00
2026-06-29,2026-06-29T09:30:00-04:00,2026-06-29T16:00:00-04:00
2026-06-30,2026-06-30T09:30:00-04:00,2026-06-30T16:00:00-04:00
2026-07-01,2026-07-01T09:30:00-04:00,2026-07-01T16:00:00-04:00
2026-07-02,2026-07-02T09:30:00-04:00,2026-07-02T16:00:00-04:00
2026-07-06,2026-07-06T09:30:00-04:00,2026-07-06T16:00:00-04:00
2026-07-07,2026-07-07T09:30:00-04:00,2026-07-07T16:00:00-04:00
2026-07-08,2026-07-08T09:30:00-04:00,2026-07-08T16:00:00-04:00
2026-07-09,2026-07-09T09:30:00-04:00,2026-07-09T16:00:00-04:00
2026-07-10,2026-07-10T09:30:00-04:00,2026-07-10T16:00:00-04:00
2026-07-13,2026-07-13T09:30:00-04:00,2026-07-13T16:00:00-04:00
2026-07-14,2026-07-14T09:30:00-04:00,2026-07-14T16:00:00-04:00
2026-07-15,2026-07-15T09:30:00-04:00,2026-07-15T16:00:00-04:00
2026-07-16,2026-07-16T09:30:00-04:00,2026-07-16T16:00:00-04:00
2026-07-17,2026-07-17T09:30:00-04:00,2026-07-17T16:00:00-04:00
2026-07-20,2026-07-20T09:30:00-04:00,2026-07-20T16:00:00-04:00
2026-07-21,2026-07-21T09:30:00-04:00,2026-07-21T16:00:00-04:00
2026-07-22,2026-07-22T09:30:00-04:00,2026-07-22T16:00:00-04:00
2026-07-23,2026-07-23T09:30:00-04:00,2026-07-23T16:00:00-04:00
2026-07-24,2026-07-24T09:30:00-04:00,2026-07-24T16:00:00-04:00
2026-07-27,2026-07-27T09:30:00-04:00,2026-07-27T16:00:00-04:00
2026-07-28,2026-07-28T09:30:00-04:00,2026-07-28T16:00:00-04:00
2026-07-29,2026-07-29T09:30:00-04:00,2026-07-29T16:00:00-04:00
2026-07-30,2026-07-30T09:30:00-04:00,2026-07-30T16:00:00-04:00
2026-07-31,2026-07-31T09:30:00-04:00,2026-07-31T16:00:00-04:00
2026-08-03,2026-08-03T09:30:00-04:00,2026-08-03T16:00:00-04:00
2026-08-04,2026-08-04T09:30:00-04:00,2026-08-04T16:00:00-04:00
2026-08-05,2026-08-05T09:30:00-04:00,2026-08-05T16:00:00-04:00
2026-08-06,2026-08-06T09:30:00-04:00,2026-08-06T16:00:00-04:00
2026-08-07,2026-08-07T09:30:00-04:00,2026-08-07T16:00:00-04:00
2026-08-10,2026-08-10T09:30:00-04:00,2026-08-10T16:00:00-04:00
2026-08-11,2026-08-11T09:30:00-04:00,2026-08-11T16:00:00-04:00
2026-08-12,2026-08-12T09:30:00-04:00,2026-08-12T16:00:00-04:00
2026-08-13,2026-08-13T09:30:00-04:00,2026-08-13T16:00:00-04:00
2026-08-14,2026-08-14T09:30:00-04:00,2026-08-14T16:00:00-04:00
2026-08-17,2026-08-17T09:30:00-04:00,2026-08-17T16:00:00-04:00
2026-08-18,2026-08-18T09:30:00-04:00,2026-08-18T16:00:00-04:00
2026-08-19,2026-08-19T09:30:00-04:00,2026-08-19T16:00:00-04:00
2026-08-20,2026-08-20T09:30:00-04:00,2026-08-20T16:00:00-04:00
2026-08-21,2026-08-21T09:30:00-04:00,2026-08-21T16:00:00-04:00
2026-08-24,2026-08-24T09:30:00-04:00,2026-08-24T16:00:00-04:00
2026-08-25,2026-08-25T09:30:00-04:00,2026-08-25T16:00:00-04:00
2026-08-26,2026-08-26T09:30:00-04:00,2026-08-26T16:00:00-04:00
2026-08-27,2026-08-27T09:30:00-04:00,2026-08-27T16:00:00-04:00
2026-08-28,2026-08-28T09:30:00-04:00,2026-08-28T16:00:00-04:00
2026-08-31,2026-08-31T09:30:00-04:00,2026-08-31T16:00:00-04:00
2026-09-01,2026-09-01T09:30:00-04:00,2026-09-01T16:00:00-04:00
2026-09-02,2026-09-02T09:30:00-04:00,2026-09-02T16:00:00-04:00
2026-09-03,2026-09-03T09:30:00-04:00,2026-09-03T16:00:00-04:00
2026-09-04,2026-09-04T09:30:00-04:00,2026-09-04T16:00:00-04:00
2026-09-08,2026-09-08T09:30:00-04:00,2026-09-08T16:00:00-04:00
2026-09-09,2026-09-09T09:30:00-04:00,2026-09-09T16:00:00-04:00
2026-09-10,2026-09-10T09:30:00-04:00,2026-09-10T16:00:00-04:00
2026-09-11,2026-09-11T09:30:00-04:00,2026-09-11T16:00:00-04:00
2026-09-14,2026-09-14T09:30:00-04:00,2026-09-14T16:00:00-04:00
2026-09-15,2026-09-15T09:30:00-04:00,2026-09-15T16:00:00-04:00
2026-09-16,2026-09-16T09:30:00-04:00,2026-09-16T16:00:00-04:00
2026-09-17,2026-09-17T09:30:00-04:00,2026-09-17T16:00:00-04:00
2026-09-18,2026-09-18T09:30:00-04:00,2026-09-18T16:00:00-04:00
2026-09-21,2026-09-21T09:30:00-04:00,2026-09-21T16:00:00-04:00
2026-09-22,2026-09-22T09:30:00-04:00,2026-09-22T16:00:00-04:00
2026-09-23,2026-09-23T09:30:00-04:00,2026-09-23T16:00:00-04:00
2026-09-24,2026-09-24T09:30:00-04:00,2026-09-24T16:00:00-04:00
2026-09-25,2026-09-25T09:30:00-04:00,2026-09-25T16:00:00-04:00
